Report_Date;Report_Time;Repair_Date;Repair_Start;Repair_Complete;Temp;Address;Lat;Long;Zone;Flow_Direction;Surface;Traffic;PSI_Upstream;Cl_Upstream;PSI_Downstream;Cl_Downstream;Bldg_Stories;Pipe_Size;Pipe_Depth;Pipe_Material ;Joint_Type;Bedding;Damage;Est_Leak_Time;Est_Leak_Rate;Est_Water_Loss;Damaged_Part;Failure_Type
01/01/2013;11:30;01/01/2013;13:00;15:30;Freezing (30°F-39°F);2nd and Woodscrest Dr.;39.160957;-86.502465;Central;Loop;Paved;Medium;56;1.32;;;3;6;48;Cast Iron;Push-On/Slip;Gravel/Sand;Water Main;5;75;22,500;Pipe Barrel;Circumferential
01/02/2013;14:00;01/02/2013;15:45;19:30;Freezing (30°F-39°F);1403 N Woodburn;39.179735;-86.535983;Central;S to N;Paved;Medium;;;70;0.99;3;6;50;Cast Iron;Push-On/Slip;Gravel/Sand;Water Main;6;40;14,400;Pipe Barrel;Circumferential
01/04/2013;9:30;01/04/2013;10:45;11:30;Below Freezing (<30°F);2407 S Spicewood Ln;39.140501;-86.499499;Central;Loop;Paved;Light;62;1.77;82;1.86;2;4;40;Cast Iron;Not Uncovered;Gravel/Sand;Water Main;2;30;3,600;Pipe Barrel;Circumferential
01/11/2013;8:00;01/11/2013;9:30;11:30;Cold (40°F-55°F);1306 N Maple;39.177897;-86.542057;Central;Loop;Paved;Medium;60;1.68;61;1.68;2;8;51;Cast Iron;Not Uncovered;Gravel/Sand;Water Main;3;50;9,000;Pipe Barrel;Circumferential
01/11/2013;11:30;01/11/2013;12:30;15:00;Cold (40°F-55°F);1600 Maplecrest Dr;39.188971;-86.516668;Central;Loop;Paved;Light;56;1.78;58;1.78;2;6;51;Cast Iron;Not Uncovered;Native Soils;Water Main;4;60;14,400;Pipe Barrel;Circumferential
1/18/2013;10:00;02/05/2013;17:30;1:45;Cold (40°F-55°F);1001 S Curry Pike;39.157553;-86.582615;West;Loop;Paved;Heavy;70;2.2;;;1;12;144;Cast Iron;Not Uncovered;Gravel/Sand;Water Main;19;100;114,000;Pipe Barrel;Circumferential
1/28/2013;13:30;1/28/2013;15:00;17:45;Mild (55°F-70°F);Marlin School Bothel Ln.;39.215436;-86.5165;Central;W to E;Lawn;None;54;1.77;;;2;6;48;Cast Iron;Not Uncovered;Native Soils;Water Main;4.5;15;4,050;Pipe Barrel;Circumferential
1/31/2013;14:00;1/31/2013;16:00;16:45;Below Freezing (<30°F);1003 W 9th St;39.17046;-86.544495;Central;Loop;Paved;Light;46;2.09;55;2;1;6;40;Cast Iron;;Native Soils;Water Main;4;25;6,000;Pipe Barrel;Circumferential
02/08/2013;11:00;02/08/2013;12:30;14:00;Cold (40°F-55°F);215 N Jonson Ave;39.168681;-86.564999;West;Loop;Paved;Light;59;1.9;56;1.85;2;6;51;Cast Iron;Not Uncovered;Native Soils;Water Main;4;70;16,800;Pipe Barrel;Circumferential
2/13/2013;1:00;2/13/2013;8:30;10:30;Cold (40°F-55°F);2353 W Church Ln;39.107437;-86.549852;Central;E to W;Paved;Medium;114;1.7;110;1.64;2;6;40;Cast Iron;Mechanical Joint;Gravel/Sand;Water Main;9.5;100;57,000;Pipe Barrel;Circumferential
2/18/2013;10:00;2/18/2013;12:00;14:30;;2451 S Walnut St Pk;39.13675;-86.530837;Central;WQC;;Light;26;1.15;;;2;2;36;PVC;Not Uncovered;Native Soils;Service Lateral;2;10;1,200;;Glue fitting failure
03/04/2013;16:00;03/04/2013;17:00;21:30;Cold (40°F-55°F);3712 S Fenway Pl;39.129267;-86.515524;;N to S;Paved;Light;0;0.94;98;0.94;2;2;60;Cast Iron;Not Uncovered;Native Soils;Water Main;4;;;Pipe Barrel;Blow Hole
03/05/2013;23:30;03/06/2013;8:30;11:30;Freezing (30°F-39°F);3912 S Baytree Ln;39.123861;-86.522532;South;Loop;Lawn;None;46;1.9;48;1.9;;6;50;Ductile;Not Uncovered;Gravel/Sand;Water Main;7;100;42,000;Pipe Barrel;Blow Hole
3/27/2013;9:30;3/27/2013;9:30;11:30;Cold (40°F-55°F);1075 N Jordan;39.176167;-86.513174;Central;N to S;Lawn;None;69;1.82;68;1.82;3;6;58;Cast Iron;Mechanical Joint;Gravel/Sand;Water Main;1;150;9,000;Other;
3/28/2013;22:00;3/29/2013;7:30;11:00;Cold (40°F-55°F);106 N Hillsdale Dr;39.166909;-86.503402;Central;Loop;Paved;Medium;49;1.54;56;1.85;1;6;45;Cast Iron;Push-On/Slip;Native Soils;Water Main;13;100;78,000;Pipe Barrel;Circumferential
04/03/2013;7:23;04/03/2013;10:30;11:15;Freezing (30°F-39°F);3161 Coppertree;39.134736;-86.505186;Central;Loop;Lawn;Light;70;1.94;72;1.1;1;6;54;Ductile;Push-On/Slip;Gravel/Sand;Water Main;4;30;7,200;Pipe Barrel;Blow Hole
04/07/2013;6:45;04/07/2013;8:30;11:30;Mild (55°F-70°F);2601 Rogers St;39.138261;-86.53848;Central;Loop;Gravel;;40;1.6;40;1.66;1;6;48;Cast Iron;Lead;Gravel/Sand;Water Main;4;100;24,000;Pipe Barrel;Circumferential
04/08/2013;7:30;04/08/2013;8:30;11:30;Mild (55°F-70°F);1408 W 12th;39.17427;-86.55071;Central;Loop;Paved;Medium;66;1.77;66;1.73;2;6;50;Cast Iron;Not Uncovered;Native Soils;Water Main;2;30;3,600;Pipe Barrel;Longitudinal Split
04/12/2013;9:00;04/12/2013;9:30;12:00;Mild (55°F-70°F);2303 S Rogers;39.142408;-86.538521;Central;Loop;Paved;Medium;92;1.75;92;1.75;2;6;50;Cast Iron;Not Uncovered;Native Soils;Service Lateral;3;100;18,000;Other: corp;
4/15/2013;15:40;4/15/2013;16:30;20:00;Mild (55°F-70°F);2536 W Industrial Park Drive;39.177179;-86.563121;West;Loop;Lawn;Medium;66;1.78;;;2;12;51;Ductile;;Gravel/Sand;Water Main;4.5;250;67,500;Pipe Barrel;Blow Hole
4/15/2013;10:00;4/15/2013;10:00;13:30;Mild (55°F-70°F);601 N Walnut;39.171911;-86.533668;Central;Loop;Paved;Medium;66;1.75;;;2;4;51;Cast Iron;Not Uncovered;Native Soils;Water Main;2;100;12,000;Pipe Barrel;Corporation
4/17/2013;8:00;4/17/2013;8:30;10:30;Mild (55°F-70°F);2108 S Rogers St;39.144495;-86.538972;Central;Loop;Ditch;;94;1.67;;;1;6;48;Cast Iron;Not Uncovered;Native Soils;Service Lateral;2;40;4,800;Pipe Barrel;Corporation
4/26/2013;7:00;4/26/2013;8:30;11:30;Mild (55°F-70°F);4292 Mallard Ct;39.118573;-86.550048;Central;N to S;Paved;Light;40;1.82;;;2;4;50;PVC;Not Uncovered;Gravel/Sand;Water Main;2;100;12,000;Pipe Barrel;Blow Hole
05/02/2013;6:20;05/02/2013;10:00;13:30;Hot (>70°F);4201 E Cambridge Dr;39.168833;-86.477505;East;Loop;Lawn;Light;26;1.93;40;1.87;2;6;54;Cast Iron;Not Uncovered;Native Soils;Water Main;5;;;Pipe Barrel;Longitudinal Split
05/06/2013;11:30;05/06/2013;13:00;14:30;;550 S Adams;39.162106;-86.55087;West;S to N;Paved;Medium;88;1.9;;;2;6;39;Cast Iron;Not Uncovered;Native Soils;Service Lateral;2;2;240;Other: corp;Corporation
05/09/2013;10:30;05/09/2013;12:00;15:15;Hot (>70°F);3925 S BayTree Ln;39.123626;-86.523052;South;Loop;Paved;Light;42;1.83;44;2.01;1;6;54;Ductile;;Gravel/Sand;Water Main;4;10;2,400;Pipe Barrel;Blow Hole
5/23/2013;9:00;5/23/2013;9:30;12:00;Hot (>70°F);S Rogers - Coolidge;39.141224;-86.538901;Central;Loop;Paved;Medium;3;1.85;20;1.8;2;6;51;Cast Iron;Not Uncovered;Native Soils;Water Main;1;200;12,000;Pipe Barrel;Longitudinal Split
5/26/2013;7:30;5/26/2013;8:30;15:30;Hot (>70°F);4153 Hector;39.173031;-86.480396;East;Loop;Paved;Light;62;1.63;65;1.6;2;6;57;Cast Iron;Not Uncovered;Native Soils;Water Main;4;100;24,000;Pipe Barrel;Circumferential
5/31/2013;8:00;5/31/2013;10:30;12:30;;2020 S Rogers;39.144953;-86.538924;Central;Loop;Paved;Medium;89;1.82;;2;2;6;50;Cast Iron;Push-On/Slip;Native Soils;Water Main;3;150;27,000;Pipe Barrel;Circumferential
6/21/2013;8:00;6/21/2013;10:00;13:00;Hot (>70°F);3111 Venture Blvd;39.177467;-86.567179;West;W to E;Paved;Light;82;1.5;;;2;8;57;Ductile;Not Uncovered;Gravel/Sand;Water Main;3;120;21,600;Pipe Barrel;Blow Hole
6/25/2013;12:30;6/25/2013;13:00;13:30;Hot (>70°F);318 S Washington;39.163783;-86.532396;Central;S to N;Vacant Lot;None;;;;;2;6;44;Cast Iron;;Native Soils;Water Main;1;500;30,000;Valve;
07/05/2013;11:30;07/05/2013;13:30 PM;15:30;Hot (>70°F);2700 McCartney Ln;39.144472;-86.497768;Central;Loop;Lawn;None;88;1.78;88;1.82;2;6;56;Ductile;Not Uncovered;Gravel/Sand;Water Main;4;90;21,600;Pipe Barrel;Blow Hole
07/09/2013;15:40;07/09/2013;16:30;22:00;Hot (>70°F);401 N Sheffield Dr;39.169641;-86.478519;East;Loop;Lawn;Medium;56;;58;1.7;2;6;56;Cast Iron;Push-On/Slip;Native Soils;Water Main;4;250;60,000;Pipe Barrel;Longitudinal Split
07/11/2013;10:00;07/11/2013;11:00;14:30;Hot (>70°F);2516 E Roundhill Lane;39.13932;-86.503315;Central;E to W;Paved;Light;;;;;2;6;24;Cast Iron;Push-On/Slip;Gravel/Sand;Water Main;1.5;300;27,000;Pipe Barrel;Longitudinal Split
7/25/2013;9:00;8/31/2013;9:30;13:00;Hot (>70°F);520 Cabot Ct;39.170754;-86.476174;East;S to N;Lawn;Light;;;69;1.02;2;4, 6;51;Cast Iron;Push-On/Slip;Gravel/Sand;Water Main;144;2;17,280;Pipe Barrel;Longitudinal Split
7/26/2013;13:00;08/02/2013;8:00;12:30;Hot (>70°F);3807 S Bainbridge Dr;39.128376;-86.516433;Central;W to E;Paved;Light;89;1.73;83;0.99;2;6;49;Ductile;Push-On/Slip;Gravel/Sand;Water Main;7;75;31,500;Pipe Barrel;Blow Hole
09/07/2013;12:55;09/08/2013;8:00;13:30;Hot (>70°F);N Dunn & Old 37 - B+B Water Corp/ Meter Vault;39.20799;-86.528693;;W to E;Lawn;;;;;;;4;;;;;;1440;400;34,560,000;;
09/09/2013;16:30;09/09/2013;16:30;19:30;Hot (>70°F);2508 S Rogers St;39.139403;-86.538671;;;Gravel;Medium;;;;;1;1;60;Copper;;Gravel/Sand;Service Lateral;3;75;13,500;Pipe Barrel;Corporation
9/19/2013;0:00;9/19/2013;10:00;14:00;Mild (55°F-70°F);904 Larkspur;39.156723;-86.547454;Central;S to N;Paved;Medium;79;2.1;;;2;8;74;Ductile;Not Uncovered;Gravel/Sand;Water Main;2;120;14,400;;
10/28/2013;18:00;10/29/2013;8:00;10:00;Cold (40°F-55°F);2122 E Woodstock Pl;39.156633;-86.50777;Central;W to E;Paved;Light;;;50;1.98;2;6;51;Cast Iron;Push-On/Slip;Native Soils;Water Main;16;50;48,000;Pipe Barrel;Circumferential
11/01/2013;11:30;11/01/2013;13:00;13:50;Mild (55°F-70°F);4153 E Hector Dr;39.173048;-86.48045;East;Loop;Paved;Light;84;1.84;84;0.43;1;6;51;Cast Iron;Not Uncovered;Native Soils;Water Main;4;;;Pipe Barrel;Circumferential
11/22/2013;9:00;11/22/2013;10:00;11:30;Cold (40°F-55°F);4427 E Kinser;39.174527;-86.477689;East;Loop;Ditch;;80;1.85;80;1.87;2;6;50;Cast Iron;Push-On/Slip;Native Soils;Water Main;3;90;16,200;Pipe Barrel;Circumferential
11/24/2013;13:30;11/24/2013;15:00;19:00;Below Freezing (<30°F);628 Woodscrest;39.159955;-86.502073;Central;N to S;Paved;;58;1.35;60;1.35;2;6;58;Ductile;Not Uncovered;Native Soils;Water Main;7;40;16,800;Pipe Barrel;Circumferential
11/30/2013;7:00;11/30/2013;7:00;16:00;Cold (40°F-55°F);3208 Kristen & Forrester;39.141063;-86.492583;Central;N to S;Lawn;;55;2.04;;;2;12;48;Ductile;Push-On/Slip;Gravel/Sand;Water Main;9;300;162,000;Pipe Barrel;Blow Hole
12/02/2013;13:30;12/03/2013;8:30;10:58;Cold (40°F-55°F);603 Coolidge;39.141274;-86.540395;Central;E to W;Paved;Light;70;1.68;70;1.67;1;6;42;Cast Iron;Not Uncovered;Gravel/Sand;Water Main;24;15;21,600;Pipe Barrel;Circumferential
12/10/2013;21:30;12/11/2013;12:00;1:00;Below Freezing (<30°F);South of 212 S Overhill Dr;39.164427;-86.501749;;Loop;Lawn;None;56;2.1;56;2.09;1;6;42;Cast Iron;Not Uncovered;Native Soils;Water Main;6;15;5,400;Pipe Barrel;Circumferential
12/15/2013;0:50;12/15/2013;1:30;5:30;Freezing (30°F-39°F);Buick Cadellac & AutoMall Rd;39.158301;-86.496174;Central;Loop;Paved;Medium;74;2.15;;;2;6;48;Cast Iron;Not Uncovered;Native Soils;Water Main;5;30;9,000;Pipe Barrel;Circumferential
12/17/2013;7:15;12/17/2013;9:00;11:45;Freezing (30°F-39°F);4417 E Kinser Dr;39.174503;-86.477994;East;Loop;Ditch;None;20;1.22;20;1.21;2;6;46;Cast Iron;Not Uncovered;Native Soils;Water Main;2;150;18,000;Pipe Barrel;Longitudinal Split
12/27/2013;9:45;12/27/2013;10:45;13:00;Freezing (30°F-39°F);110 E 12th St;39.174387;-86.532986;Central;Loop;Paved;Light;58;0.15;62;1.77;1;6;48;Ductile;Not Uncovered;Gravel/Sand;Water Main;4;30;7,200;Pipe Barrel;Blow Hole
01/07/2014;0:00;01/08/2014;10:30;13:00;Below Freezing (<30°F);815 N Jordan;39.174196;-86.515075;IU;N to S;Paved;Light;72;1.15;72;1.18;3;12;69;Cast Iron;Not Uncovered;Gravel/Sand;Water Main;24;100;144,000;Pipe Barrel;Circumferential
01/10/2014;13:15;01/10/2014;14:00;16:30;Cold (40°F-55°F);5930 S Phyllis;39.103706;-86.535894;Central;W to E;Paved;Light;99;1.54;36;1.55;1;4;40;Cast Iron;Not Uncovered;Native Soils;Water Main;5;60;18,000;Pipe Barrel;Blow Hole
1/14/2014;8:00;1/14/2014;9:30;14:00;Below Freezing (<30°F);517 S Arbutus;39.16145;-86.51207;Central;S to N;Paved;Light;72;1.25;;;2;4;38;Cast Iron;Not Uncovered;Native Soils;Water Main;3;75;13,500;Pipe Barrel;Circumferential
1/14/2014;8:30;1/14/2014;9:30;13:30;Cold (40°F-55°F);204 N Kible Dr;39.168124;-86.567933;West;Loop;Paved;Light;46;0.31;44;1.17;1;6;48;Cast Iron;Not Uncovered;Native Soils;Water Main;3;30;5,400;Pipe Barrel;
1/14/2014;9:00;1/14/2014;10:30;15:00;Freezing (30°F-39°F);S Elm Leaf Dr & W Walnut Leaf Dr;39.139974;-86.579184;West;Loop;Paved;Medium;58;0.08;75;0.05;1;6;90;Cast Iron;Mechanical Joint;Native Soils;Water Main;5;80;24,000;Pipe Barrel;Circumferential
1/14/2014;16:00;1/15/2014;9:00;13:00;Below Freezing (<30°F);S Elm Leaf Dr & W Walnut Leaf Dr;39.139974;-86.579184;West;Loop;Paved;Medium;62;0.02;75;0.84;1;6;90;Cast Iron;Mechanical Joint;Native Soils;Water Main;9;40;21,600;Joint;Longitudinal Split
1/16/2014;9:45;1/16/2014;10:15;11:45;Freezing (30°F-39°F);100 W Club House Dr;39.202187;-86.538399;Central;N to S;Ditch;Light;0;;0;;2;4;30;Cast Iron;Push-On/Slip;Native Soils;Water Main;2.5;200;30,000;Pipe Barrel;
1/17/2014;10:45;1/17/2014;21:30;0:30;Below Freezing (<30°F);608 N Kerry Dr;39.17024;-86.486348;Central;Loop;Paved;Medium;54;1.2;;;1;6;45;Cast Iron;Mechanical Joint;Native Soils;Water Main;7;80;33,600;Pipe Barrel;Circumferential
1/20/2014;11:45;1/20/2014;11:45;12:15;Cold (40°F-55°F);932 S Ballantine Rd;39.156541;-86.519242;Central;;Paved;Light;64;1.67;66;1.45;1;4;48;Cast Iron;Not Uncovered;Native Soils;Water Main;3;15;2,700;Pipe Barrel;Circumferential
1/20/2014;14:45;1/20/2014;9:50;11:00;Cold (40°F-55°F);532 Kerry Dr;39.169713;-86.486391;;Loop;;;52;1.42;46;1.41;1;6;48;Cast Iron;Not Uncovered;Native Soils;Water Main;;;;Pipe Barrel;Circumferential
1/24/2014;15:45;1/26/2014;12:15;13:15;Freezing (30°F-39°F);715 S Fess;39.159655;-86.525925;;Loop;Paved;Light;64;1.76;64;1.74;2;6;64;Cast Iron;Not Uncovered;Native Soils;Water Main;48;25;72,000;Pipe Barrel;Circumferential
1/27/2014;12:45;1/27/2014;11:00;12:30;Below Freezing (<30°F);1455 S Stone Dr;39.150602;-86.567396;West;N to S;Lawn;Light;;;;;2;2;67;Cast Iron;Push-On/Slip;Native Soils;Water Main;4;40;9,600;Pipe Barrel;Circumferential
1/29/2014;13:45;1/29/2014;8:45;10:50;Below Freezing (<30°F);524 S Village Dr;39.161994;-86.583798;West;Loop;Lawn;Light;64;1.84;65;1.86;1;6;60;Cast Iron;Not Uncovered;Native Soils;Water Main;4;30;7,200;Pipe Barrel;Circumferential
1/30/2014;16:45;1/31/2014;8:30;12:45;Below Freezing (<30°F);3919 S Cramer Cir;39.123101;-86.545389;Central;Loop;Lawn;Light;86;2.2;84;0.31;2;8;57;Ductile;Push-On/Slip;Gravel/Sand;Water Main;24;50;72,000;;Corporation
1/31/2014;17:45;02/03/2014;8:00;11:45;Below Freezing (<30°F);1613 S Cliffton Ave;39.149021;-86.50951;Central;Loop;Lawn;Light;62;1.18;61;1.15;1;2;40;Other (write in);Not Uncovered;;Water Main;72;4;17,280;Pipe Barrel;
02/01/2014;19:45;02/01/2014;12:30;19:00;Freezing (30°F-39°F);3501 N Dunn St / Griffy Plant;39.205107;-86.529132;Central;S to N;;None;;1.44;;;2;12;;Steel;;Inside Building;;5;600;180,000;Pipe Barrel;Longitudinal Split
02/08/2014;20:45;02/08/2014;16:00;17:30;Below Freezing (<30°F);Dunn & Old St Rd 37;39.207883;-86.529015;Central;S to N;Vacant Lot;Medium;68;;;;2;6;46;Cast Iron;;Gravel/Sand;Water Main;6;300;108,000;Pipe Barrel;Circumferential
02/10/2014;21:45;02/10/2014;9:30;12:30;Below Freezing (<30°F);E 3rd & Faculty;39.164221;-86.521067;Central;Loop;Paved;Heavy;52;1.75;58;1.99;5 or more;6;39;Cast Iron;Not Uncovered;Native Soils;Water Main;3;50;9,000;Pipe Barrel;Circumferential
02/11/2014;22:45;02/11/2014;10:00;11:30;Below Freezing (<30°F);1222 N Maple St;39.177239;-86.542046;Central;Loop;Paved;Medium;44;1.86;55;1.81;2;8;45;Cast Iron;Push-On/Slip;Gravel/Sand;Water Main;6;80;28,800;Pipe Barrel;Circumferential
2/14/2014;18:45;2/14/2014;18:00;23:00;Below Freezing (<30°F);4510 S Orchad Ln;39.115606;-86.533259;South;N to S;Ditch;Medium;66;1.41;66;;1;2;36;PVC;Cement;Native Soils;Water Main;4;100;24,000;Fitting Failed;
2/15/2014;23:45;2/16/2014;23:30;6:30;Below Freezing (<30°F);101 N College;39.166823;-86.53492;Central;S to N;Paved;Heavy;80;2.2;84;2.2;3;8;40;Cast Iron;Not Uncovered;Native Soils;Water Main;8;40;19,200;Pipe Barrel;Circumferential
2/22/2014;0:45;2/22/2014;7:38;12:00;Cold (40°F-55°F);1925 S Wilton;39.145015;-86.50973;Central;Loop;Lawn;Light;72;1.64;;;2;6;58;Cast Iron;;Native Soils;Water Main;5;200;60,000;Pipe Barrel;Circumferential
2/23/2014;1:45;2/23/2014;7:00;17:00;Freezing (30°F-39°F);101 N Roosevelt;39.166948;-86.506114;Central;Loop;Paved;Light;;;;;1;6;;Other (write in);;Native Soils;Water Main;12;300;216,000;Pipe Barrel;Corporation
03/11/2014;2:45;03/11/2014;10:00;14:00;Mild (55°F-70°F);W of Business 37;39.232272;-86.540916;Central;S to N;Vacant Lot;;;;;;2;6;84;Cast Iron;Push-On/Slip;Native Soils;Water Main;4;250;60,000;Pipe Barrel;Blow Hole
04/05/2014;3:45;04/05/2014;10:30;19:45;Cold (40°F-55°F);2207 S Yost;39.145556;-86.580717;West;S to N;Paved;Light;75;1.8;;;1;6;80;Ductile;Push-On/Slip;Native Soils;Water Main;24;150;216,000;Pipe Barrel;Blow Hole
4/19/2014;4:45;4/19/2014;7:30;16:00;Mild (55°F-70°F);3013 E Daniel St;39.137626;-86.491244;Central;Loop;Paved;Light;76;2.2;78;2.2;2;8;84;Ductile;Push-On/Slip;Gravel/Sand;Water Main;5;80;24,000;Pipe Barrel;Blow Hole
4/29/2014;;4/29/2014;;;Mild (55°F-70°F);3013 E Daniel St;39.137626;-86.491244;Central;Loop;Paved;Light;;;;;;8;96;Ductile;;Gravel/Sand;Water Main;;;;Pipe Barrel;Blow Hole
05/07/2014;7:30;05/07/2014;9:30;18:00;Mild (55°F-70°F);Park View / Windcrest;39.200141;-86.545713;Central;Loop;Paved;Light;68;1.87;70;1.85;2;12;50;Cast Iron;;Gravel/Sand;Water Main;2;200;24,000;Pipe Barrel;Longitudinal Split
5/14/2014;;5/14/2014;10:45;20:30;Cold (40°F-55°F);Parking Lot NW of IU Football Stadium;39.184265;-86.527911;Central;E to W;Gravel;None;;;;;;24;48;Ductile;;Gravel/Sand;Transmission Line;;5;;Flang nut/bolt/tie rod;
5/21/2014;16:20;5/21/2014;17:15;;Mild (55°F-70°F);1719 E Winslow Rd;39.136059;-86.511607;Central;E to W;Paved;Light;;;;;2;8;48;Cast Iron;Push-On/Slip;Gravel/Sand;Water Main;1;300;18,000;Pipe Barrel;Blow Hole
6/17/2014;9:30;6/17/2014;10:30;11:30;Hot (>70°F);847 W Baywood;39.11664;-86.542573;Central;E to W;Lawn;None;82;1.8;;;2;2;36;Other (write in);;Gravel/Sand;Service Lateral;2;100;12,000;Other;
07/06/2014;20:00;07/07/2014;8:00;15:30;Hot (>70°F);1100 S Weimer;39.154045;-86.564279;West;Loop;Paved;Medium;82;1.79;;;2;12;61;Ductile;Push-On/Slip;Gravel/Sand;Water Main;;;;Pipe Barrel;Blow Hole
7/15/2014;8:30;7/15/2014;10:30;14:30;Hot (>70°F);3170 Covenanter;39.153911;-86.492575;Central;Loop;Lawn;None;84;1.82;;;2;6;61;Ductile;;Gravel/Sand;Water Main;;;;Pipe Barrel;Blow Hole
7/18/2014;16:30;7/18/2014;18:30;21:00;Hot (>70°F);3301 S Tulip;39.128253;-86.541793;Central;Loop;Paved;Medium;79;1.89;78;1.87;2;8;50;Ductile;Not Uncovered;;Water Main;3;150;27,000;Pipe Barrel;Blow Hole
7/24/2014;;7/24/2014;10:00;11:00;Hot (>70°F);1809 E Longwood Ct;39.151366;-86.511844;;S to N;Lawn;Light;52;2.2;;;2;2;36;PVC;Not Uncovered;Native Soils;Transmission Line;;;;Flush Hydrant;
7/25/2014;10:00;7/28/2014;8:00;13:00;Hot (>70°F);1189 Buckingham East;39.134726;-86.520609;Central;E to W;Lawn;None;82;2.2;;;1;6;39;Ductile;Not Uncovered;Gravel/Sand;Water Main;72;20;86,400;Corporation;Corporation
08/11/2014;12:30;08/11/2014;13:30;16:00;Hot (>70°F);3839 W Woodmere Way;39.129143;-86.579807;West;Loop;Lawn;Medium;63;1.56;68;1.8;2;6;51;Ductile;Push-On/Slip;Gravel/Sand;Water Main;4;100;24,000;Pipe Barrel;Blow Hole
8/17/2014;7:00;8/17/2014;7:30;15:00;Mild (55°F-70°F);2324 E Linden Hill Dr;39.134024;-86.507738;Central;Loop;Paved;Light;;;;;2;6;48;Ductile;Push-On/Slip;Gravel/Sand;Water Main;1.5;250;22,500;Pipe Barrel;Blow Hole
8/24/2014;10:30;8/24/2016;11:15;13:15;Hot (>70°F);17th & Monroe;39.179424;-86.547774;Central;S to N;Paved;Light;27;;;;2;8;54;Cast Iron;;Gravel/Sand;Water Main;3;350;63,000;Pipe Barrel;Blow Hole
8/25/2014;7:30;8/25/2014;8:00;18:00;Hot (>70°F);1210 W Arlington Rd;39.179424;-86.547774;Central;N to S;Paved;Medium;35;1.72;38;1.7;2;8;56;Cast Iron;Mechanical Joint;Gravel/Sand;Water Main;1;100;6,000;Pipe Barrel;Blow Hole
8/25/2014;7:30;8/25/2014;8:00;18:00;Hot (>70°F);1614 W Arlington Rd;39.182819;-86.550152;Central;N to S;Paved;Medium;35;1.72;38;1.7;2;8;56;Cast Iron;Mechanical Joint;Gravel/Sand;Water Main;1;100;6,000;Pipe Barrel;Blow Hole
8/25/2014;7:30;8/25/2014;8:00;18:00;Hot (>70°F);1620 W Arlington Rd;39.182997;-86.550064;Central;N to S;Paved;Medium;35;1.72;38;1.7;2;8;56;Cast Iron;Mechanical Joint;Gravel/Sand;Water Main;1;100;6,000;Pipe Barrel;Blow Hole
8/25/2014;10:38;8/25/2014;11:00;16:30;Hot (>70°F);Grant & Smith;39.162789;-86.52982;Central;S to N;Paved;;;;;;;6;48;Cast Iron;Lead;Native Soils;Water Main;1;50;3,000;Pipe Barrel;Circumferential
09/08/2014;10:30;09/08/2014;12:30;15:00;Hot (>70°F);635 S Rogers;39.160247;-86.538626;Central;N to S;Paved;Heavy;79;1.02;;;5 or more;6;50;Cast Iron;;Gravel/Sand;Water Main;3;300;54,000;Pipe Barrel;Blow Hole
09/08/2014;18:00;09/09/2014;10:00;11:00;Mild (55°F-70°F);2820 S Brookside Dr;39.133438;-86.530696;Central;Loop;Paved;Medium;86;0.34;100;1.54;2;6;36;Cast Iron;Push-On/Slip;Native Soils;Water Main;16;80;76,800;Pipe Barrel;Circumferential
09/09/2014;7:30;09/09/2014;9:30;12:30;Hot (>70°F);3772 E Cobble Creek Dr;39.152447;-86.482662;Central;Loop;Ditch;;82;2.2;82;2.2;2;;;;;Gravel/Sand;Service Lateral;3;50;9,000;Other;Corporation
9/22/2014;12:00;9/22/2014;12:00;15:30;;1620 W Arlington Rd;39.182956;-86.550064;Central;;Paved;Light;82;1.48;80;1.5;2;8;54;Cast Iron;Mechanical Joint;Gravel/Sand;Service Lateral;1;50;3,000;Other;
10/02/2014;10:30;10/02/2014;11:30;14:00;Hot (>70°F);S Rockport Rd & Graham;39.139968;-86.545183;Central;Loop;Paved;;68;1.3;;;1;6;84;Cast Iron;Push-On/Slip;Gravel/Sand;Water Main;2;20;2,400;Pipe Barrel;Circumferential
10/24/2014;9:10;10/24/2014;10:00;19:00;Mild (55°F-70°F);2614 E 3rd St;39.164236;-86.500535;;E to W;Paved;Heavy;;;;;2;12;72;Cast Iron;Push-On/Slip;Gravel/Sand;Water Main;1;750;45,000;Pipe Barrel;Longitudinal Split
11/09/2014;12:32;11/09/2014;14:30;17:30;Mild (55°F-70°F);Intersection of High & E Marilyn Dr;39.153612;-86.508487;Central;S to N;Vacant Lot;Medium;;;62;1.48;2;12;42;Cast Iron;Not Uncovered;Native Soils;Water Main;5;35;10,500;Pipe Barrel;Circumferential
11/13/2014;12:00;11/13/2014;13:30;15:15;Freezing (30°F-39°F);1416 S Sare Rd;39.151139;-86.499247;Central;S to N;Paved;Light;82;2.05;74;1.57;2;4;;Cast Iron;Push-On/Slip;Native Soils;Water Main;2;;;Pipe Barrel;Longitudinal Split
11/19/2014;4:00;11/19/2014;7:30;11:00;Below Freezing (<30°F);4403 N Old State Rd 37;39.214527;-86.522192;Central;S to N;Paved;Light;5;1.1;65;1.5;2;6;46;Cast Iron;Not Uncovered;Gravel/Sand;Water Main;6;150;54,000;Pipe Barrel;Blow Hole
11/24/2014;;11/24/2014;10:30;;Cold (40°F-55°F);4222 Hector Dr;39.173266;-86.479537;;Loop;Lawn;Light;78;1.15;78;1.11;2;6;48;Cast Iron;;Native Soils;Water Main;2;;;Pipe Barrel;Circumferential
12/04/2014;9:30;12/04/2014;10:30;13:00;Freezing (30°F-39°F);767 N Forrest;39.172937;-86.522399;Central;Loop;Paved;Medium;55;1.9;;;3;4;42;Cast Iron;Not Uncovered;Gravel/Sand;Water Main;3;75;13,500;Pipe Barrel;Circumferential
12/06/2014;10:00;12/06/2014;11:30;15:30;Cold (40°F-55°F);4406 E Deckard;39.175621;-86.478549;Central;S to N;Lawn;;70;1.66;70;1.78;1;6;42;Cast Iron;Not Uncovered;Native Soils;Water Main;6;60;21,600;Pipe Barrel;Circumferential
12/09/2014;;12/09/2014;8:15;12:00;Freezing (30°F-39°F);N Old State Rd 37 & Dunn St;39.207991;-86.528727;Central;S to N;Lawn;Medium;;;;;2;20;48;Ductile;;Gravel/Sand;;;;;;
12/10/2014;15:40;12/10/2014;15:40;21:00;Freezing (30°F-39°F);4153 E Hector Dr;39.173064;-86.480525;East;W to E;Ditch;Light;82;;;;1;6;42;Cast Iron;;Native Soils;Water Main;5;15;4,500;Pipe Barrel;Circumferential
12/28/2014;9:45;12/29/2014;8:00;9:30;Freezing (30°F-39°F);2003 S Sussex Dr;39.145131;-86.506862;Central;Loop;Lawn;Light;78;1.91;80;1.93;2;6;48;Cast Iron;Not Uncovered;Native Soils;Water Main;24;60;86,400;Pipe Barrel;Circumferential
12/28/2014;9:20;12/28/2014;12:00;16:00;Freezing (30°F-39°F);2200 N Dunn St;39.187127;-86.528318;Central;W to E;Lawn;Medium;50;1.58;;;1;2;36;Steel;Not Uncovered;Native Soils;Water Main;4;30;7,200;Pipe Barrel;Blow Hole
12/30/2014;11:00;12/30/2014;11:45;14:45;Freezing (30°F-39°F);Fess Ave Between E 3rd & Atwater;39.163915;-86.52587;Central;Loop;Paved;Medium;64;1.8;;;3;6;48;Cast Iron;Not Uncovered;Native Soils;Service Lateral;3;40;7,200;Pipe Barrel;Corporation
12/31/2014;7:30;12/31/2014;9:00;11:30;Below Freezing (<30°F);1030 S Mitchell;39.154516;-86.513734;Central;N to S;Lawn;None;72;1.8;72;1.83;2;4;51;Cast Iron;Not Uncovered;Native Soils;Water Main;3;50;9,000;Pipe Barrel;Circumferential
01/05/2015;11:30;01/06/2015;8:00;15:00;Freezing (30°F-39°F);N Bottom Rd, 3200' S of Blucher Poole;39.239894;-86.543282;Central;S to N;Ditch;Light;165;1.41;;;1;12;72;Ductile;Push-On/Slip;Gravel/Sand;Water Main;;;;Joint;
01/10/2015;13:00;01/11/2015;8:00;12:00;Freezing (30°F-39°F);1800 E 2nd;39.161031;-86.512019;;E to W;Paved;Medium;49;1;49;1;1;6;42;Cast Iron;Not Uncovered;Native Soils;Water Main;24;;;Pipe Barrel;Circumferential
1/15/2015;8:00;1/15/2015;10:00;12:00;Freezing (30°F-39°F);S Sheridan Dr & S Jordan Ave;39.159289;-86.516412;Central;Loop;Paved;Medium;50;1.56;;;2;6;33;Cast Iron;Push-On/Slip;Native Soils;Water Main;4;50;12,000;Pipe Barrel;Circumferential
1/15/2015;9:00;1/15/2015;11:30;16:30;Freezing (30°F-39°F);5230 S Old 37;39.108307;-86.531406;Central;N to S;Lawn;None;107;1.64;;;2;12;114;Cast Iron;Not Uncovered;Native Soils;Water Main;3;150;27,000;Pipe Barrel;Circumferential
1/18/2015;14:41;1/18/2015;15:00;23:15;Below Freezing (<30°F);Adams and Vernal Pike;39.170274;-86.549664;Central;Loop;Paved;Medium;;;52;;2;16;56;Cast Iron;Not Uncovered;Native Soils;Transmission Line;8;200;96,000;Pipe Barrel;Circumferential
1/19/2015;13:22;1/19/2015;13:22;14:30;Cold (40°F-55°F);2100 Block E 4th St;39.165628;-86.507884;Central;W to E;Paved;Light;39;2.09;;;1;6;48;Cast Iron;Push-On/Slip;Native Soils;Water Main;3;30;5,400;Pipe Barrel;Circumferential
1/23/2015;13:00;1/26/2015;8:00;13:30;Freezing (30°F-39°F);1007 E Sheridan Dr;39.156005;-86.52227;Central;N to S;Paved;Light;74;1.8;80;1.9;1;6;52;Cast Iron;Not Uncovered;Native Soils;Water Main;72;20;86,400;;
1/23/2015;14:45;1/27/2015;8:30;16:00;Cold (40°F-55°F);E Rogers Rd, 620' west of Windingbrook Cir;39.13647;-86.506349;Central;Loop;Ditch;None;;;;;2;12;60;Ductile;Push-On/Slip;Native Soils;Water Main;84;80;403,200;Pipe Barrel;Longitudinal Split
02/03/2015;14:15;02/03/2015;15:00;16:30;Freezing (30°F-39°F);17th & College South East Corner;39.17894;-86.534769;Central;W to E;Paved;Heavy;;;70;2.09;1;6;36;Cast Iron;Not Uncovered;Native Soils;Water Main;1;80;4,800;Pipe Barrel;
02/04/2015;17:15;02/04/2015;19:00;20:30;;815 S Grant;39.156882;-86.530191;Central;Loop;Paved;Light;66;2.1;68;2.15;1;6;42;Cast Iron;Not Uncovered;Native Soils;Water Main;2;20;2,400;Pipe Barrel;Circumferential
2/21/2015;11:00;2/23/2015;8:00;13:30;Below Freezing (<30°F);1210 E 3rd;39.164231;-86.518302;Central;Loop;Paved;Heavy;82;1.87;82;1.85;4;6;46;Cast Iron;Not Uncovered;Native Soils;Service Lateral;48;20;57,600;Corp. Stop;Corporation
2/22/2015;;2/23/2015;10:30;11:50;Below Freezing (<30°F);2230 S Brown Ave;39.141991;-86.54221;Central;S to N;;Light;;;38;1.88;1;2;48;PVC;Not Uncovered;Gravel/Sand;Water Main;24;10;14,400;Other;Blow Hole
2/23/2015;3:00;2/26/2015;5:30;12:30;Below Freezing (<30°F);1442 N Jordan;39.182417;-86.512564;;N to S;Paved;Medium;80;2.11;80;2.11;3;8;52;Cast Iron;Push-On/Slip;Native Soils;Water Main;9;;;Pipe Barrel;Circumferential
03/01/2015;1:00;03/02/2015;8:30;9:40;Freezing (30°F-39°F);2622 N Cascade Dr;39.19237;-86.539712;Central;Loop;Paved;;92;1.82;90;1.8;1;6;42;Cast Iron;Not Uncovered;Native Soils;Water Main;19;20;22,800;Pipe Barrel;Circumferential
03/06/2015;8:30;03/06/2015;9:30;12:00;Cold (40°F-55°F);2220 W Vernal Pike;39.17601;-86.557412;West;Loop;Paved;Medium;60;1.93;60;1.9;2;6;45;Cast Iron;Push-On/Slip;Native Soils;Water Main;6;60;21,600;Pipe Barrel;Longitudinal Split
3/21/2015;20:00;3/21/2015;21:00;12:00;Cold (40°F-55°F);1300 S Palmer;39.152295;-86.529243;Central;Loop;Paved, Ditch;Light;82;1.65;82;1.6;1;6;51;Cast Iron;Not Uncovered;Native Soils;Water Main;3;150;27,000;Pipe Barrel;Circumferential
3/26/2015;10:00;3/26/2015;11:30;14:00;Cold (40°F-55°F);610 Ryan Rd;39.129284;-86.542228;Central;Loop;Lawn;None;86;1.85;85;1.8;2;6;63;Ductile;;Gravel/Sand;Water Main;3;100;18,000;Pipe Barrel;Blow Hole
3/28/2015;16:00;03/02/2015;8:30;12:00;Freezing (30°F-39°F);2220 W Vernal Pike;39.175904;-86.557289;West;Loop;Paved;;58;1.73;60;1.69;1;6;55;Cast Iron;Push-On/Slip;Native Soils;Water Main;38;60;136,800;Pipe Barrel;Circumferential
04/11/2015;;4/14/2015;8:00;9:30;Mild (55°F-70°F);431 W Walls;39.134121;-86.537265;;W to E;Lawn;Light;88;1.96;85;1.9;1;2;36;Steel;Not Uncovered;Native Soils;Water Main;;1;;;
4/28/2015;9:00;4/28/2015;11:00;14:00;Mild (55°F-70°F);5001 N Business 37;39.222643;-86.539309;Central;N to S;Lawn;None;79;1.5;82;1.5;2;8;50;Cast Iron;Not Uncovered;Native Soils;Water Main;3;150;27,000;Pipe Barrel;Longitudinal Split
05/10/2015;10:30;05/10/2015;11:30;18:00;;2201 N Fritz Rd;39.186673;-86.52991;Central;Loop;Paved;Light;80;1.81;80;1.79;1;6;48;Cast Iron;Push-On/Slip;Gravel/Sand;Water Main;7;100;42,000;Pipe Barrel;Blow Hole
5/28/2015;8:00;5/28/2015;10:00;12:00;Hot (>70°F);160 N Park Ridge;39.166935;-86.47531;Central;Loop;Lawn;None;82;1.6;83;1.65;2;6;51;Cast Iron;Not Uncovered;Native Soils;Water Main;3;10;1,800;Pipe Barrel;Longitudinal Split
5/28/2015;12:30;5/28/2015;13:30;15:30;Hot (>70°F);Bradshire - Uppington;39.135377;-86.514723;Central;W to E;Paved;Medium;83;1.95;80;1.95;2;6;50;Ductile;Not Uncovered;Gravel/Sand;Water Main;2;150;18,000;Pipe Barrel;Blow Hole
5/31/2015;16:00;5/31/2015;16:00;20:00;Mild (55°F-70°F);2600 Block of Windermere Woods Dr;39.155519;-86.498218;Central;S to N;Paved;Light;75;Free 0.3;;;1;6;36;Ductile;Push-On/Slip;Gravel/Sand;Water Main;4;;;Pipe Barrel;Blow Hole
06/09/2015;10:30;06/09/2015;11:30;14:00;Hot (>70°F);1008 N Lindbergh;39.175812;-86.552528;Central;Loop;Paved;Medium;82;1.82;79;1.85;2;6;55;Ductile;Not Uncovered;Gravel/Sand;Water Main;3;100;18,000;Pipe Barrel;Blow Hole
06/10/2015;9:30;06/10/2015;11:30;14:00;Hot (>70°F);2453 Burbury Ln;39.137265;-86.523091;Central;Loop;Lawn;None;77;2.1;80;2.05;2;6;50;Ductile;Not Uncovered;Gravel/Sand;Water Main;3;100;18,000;Pipe Barrel;Blow Hole
06/11/2015;11:00;06/11/2015;11:30;13:00;Hot (>70°F);340 S Walnut;39.16336;-86.533719;Central;Loop;Paved;Light;82;1.65;80;1.65;2;12;37;Ductile;Not Uncovered;Gravel/Sand;Water Main;2;150;18,000;Pipe Barrel;Corporation
06/11/2015;12:00;06/11/2015;13:00;14:30;Hot (>70°F);620 W 8th St;39.169549;-86.540711;Central;Loop;Paved;Medium;25;1.91;45;1.92;2;6;42;Ductile;;Gravel/Sand;Water Main;2;40;4,800;Pipe Barrel;Blow Hole
6/15/2015;10:00;6/15/2015;11:00;13:00;Hot (>70°F);1008 N Lindbergh;39.175469;-86.552511;Central;Loop;Paved;Medium;77;1.65;80;1.65;2;6;51;Cast Iron;Not Uncovered;Gravel/Sand;Water Main;2;100;12,000;Pipe Barrel;Blow Hole
6/16/2015;14:30;6/16/2015;15:00;21:30;Hot (>70°F);301 Clover Ln;39.195499;-86.531695;Central;Loop;Lawn;None;77;1.62;75;1.59;2;6;45;Cast Iron;Not Uncovered;Native Soils;Water Main;2;150;18,000;Pipe Barrel;
6/29/2015;17:00;6/29/2015;19:00;19:30;Hot (>70°F);901 E 13th;39.175175;-86.523458;Central;E to W;Paved;Medium;38;1.4;38;1.4;1;8;60;Ductile;Push-On/Slip;Gravel/Sand;;4;;;Pipe Barrel;Circumferential
6/29/2015;;6/29/2015;7:30;11:30;Hot (>70°F);N Stonelake Dr;39.190528;-86.544179;Central;S to N;Paved, Gravel;;84;2.02;84;2.02;1;12;48;Ductile;Push-On/Slip;Gravel/Sand;Water Main;0;0;;Other;
07/06/2015;13:45;07/06/2015;14:00;17:00;Hot (>70°F);1719 E Greenbriar;39.14488936;-86.51160219;Central;E to W;Paved;Light;60;2.2;;2.09;1;6;48;Ductile;Push-On/Slip;Gravel/Sand;Water Main;2;200;24,000;Pipe Barrel;Blow Hole
07/07/2015;7:30;07/07/2015;8:00;11:00;Hot (>70°F);2724 E Elderberry Ct;39.13804369;-86.49813468;Central;W to E;Lawn;None;82;1.68;;;2;6;38;Ductile;Not Uncovered;Gravel/Sand;Water Main;5;100;30,000;Pipe Barrel;Blow Hole
7/30/2015;7:30;7/30/2015;8:30;10:30;Hot (>70°F);830 E Miller Dr;39.14602132;-86.5224728;Central;Loop;Paved;Light;57;1.95;;;2;8;45;Ductile;Not Uncovered;Gravel/Sand;Water Main;2;50;6,000;Pipe Barrel;Blow Hole
7/31/2015;14:00;7/31/2015;17:00;21:00;Hot (>70°F);600 N Jordan;39.17161363;-86.51505953;Central;Loop;Paved;Medium;;;;;5 or more;6;51;Cast Iron;Not Uncovered;Native Soils;Water Main;6;100;36,000;Pipe Barrel;Blow Hole
08/04/2015;16:30;08/04/2015;18:00;21:15;Hot (>70°F);612 W Skyline Dr;39.18924549;-86.54008607;Central;Loop;Paved;Light;40;0.79;56;0.8;2;6;36;Cast Iron;Not Uncovered;Native Soils;Water Main;3.5;250;52,500;Pipe Barrel;Blow Hole
08/04/2015;22:10;08/05/2015;23:30;3:45;Hot (>70°F);1700 Block of E 10th St;39.17154799;-86.51125103;Central;E to W;Paved;;;;;;2;12;48;Cast Iron;Mechanical Joint;Gravel/Sand;Water Main;2;375;45,000;Pipe Barrel;Longitudinal Split
08/05/2015;9:00;08/05/2015;11:30;13:30;Hot (>70°F);421 E 9th;39.17043795;-86.52855623;Central;W to E;Paved;Light;72;1.95;70;2.01;2;6;50;Cast Iron;Not Uncovered;Gravel/Sand;Water Main;3;100;18,000;Pipe Barrel;Blow Hole
08/05/2015;6:00;08/05/2015;7:30;9:30;Hot (>70°F);940 S Hawthorne;39.1563754;-86.52051455;Central;Loop;Paved;Light;73;1.9;;;2;6;42;Cast Iron;;Native Soils;Water Main;3;100;18,000;Pipe Barrel;Circumferential
08/05/2015;0:30;08/05/2015;3:00;14:00;Hot (>70°F);2611 N Kinser Pike;39.19202312;-86.53769789;Central;S to N;Paved;;;;;;2;18;54;Cast Iron;Not Uncovered;Gravel/Sand;Transmission Line;7;400;168,000;Pipe Barrel;Blow Hole
08/05/2015;6:00;08/05/2015;7:30;11:30;Hot (>70°F);3514 E Morningside Dr;39.16612837;-86.48776194;;Loop;Paved;Light;E 45;0.16;W 50;2.11;2;6;48;Cast Iron;Not Uncovered;Gravel/Sand;Water Main;2;40;4,800;Pipe Barrel;Blow Hole
08/06/2015;21:00;08/07/2015;21:30;3:30;Hot (>70°F);6th and Adams;39.16766626;-86.5497187;Central;E to W;Paved;Light;62;2.3;62;2.3;1;6;60;Ductile;Push-On/Slip;Gravel/Sand;Water Main;6;;;Pipe Barrel;Blow Hole
08/07/2015;12:00;08/07/2015;13:30;15:30;Hot (>70°F);515 Woodcrest;39.16176585;-86.5024276;Central;Loop;Paved;Light;54;2.1;56;2.05;2;8;45;Cast Iron;Not Uncovered;Gravel/Sand;Water Main;3;100;18,000;Pipe Barrel;Blow Hole
08/11/2015;9:00;08/11/2015;12:00;14:45;Hot (>70°F);3417 Stoneycrest;39.1983751;-86.54446172;Central;Loop;Lawn;Light;54;1.9;2;0.21;2;6;48;Cast Iron;;Native Soils;Water Main;3;30;5,400;;
08/12/2015;10:30;08/12/2015;12:30;14:30;Hot (>70°F);Meadow Ln - Meadow Ct;39.19523018;-86.5454517;Central;Loop;Lawn;None;50;1.98;66;1.95;2;6;54;Cast Iron;Push-On/Slip;Native Soils;Water Main;3;150;27,000;Pipe Barrel;Blow Hole
8/13/2015;2:30;8/13/2015;7:30;10:30;Hot (>70°F);Meadow Ln - Meadow Ct;39.19524232;-86.54546356;Central;Loop;Lawn;;52;1.95;64;2.1;2;6;54;Cast Iron;Push-On/Slip;Native Soils;Water Main;5;150;45,000;Pipe Barrel;Blow Hole
8/13/2015;10:30;8/13/2015;11:45;15:15;Hot (>70°F);Red Rock & Cedar Chase;39.129993;-86.58494112;West;E to W;Paved;Light;35;1.17;38;1.33;1;8;48;Ductile;Push-On/Slip;Gravel/Sand;Water Main;2;60;7,200;Pipe Barrel;Blow Hole
09/02/2015;1:00;09/02/2015;3:30;10:30;Hot (>70°F);230 W Church Ln;39.10727611;-86.53416198;Central;Loop;Paved;Medium;;;;;1;12;54;Cast Iron;;Gravel/Sand;Water Main;2;100;12,000;Pipe Barrel;Longitudinal Split
09/07/2015;7:30;09/07/2015;10:30;12:00;Hot (>70°F);3644 Park Ln;39.16525665;-86.48464023;Central;Loop;Ditch;None;52;2.1;57;2.1;2;6;62;Cast Iron;Push-On/Slip;Native Soils;Water Main;4;120;28,800;Pipe Barrel;Blow Hole
09/10/2015;7:00;09/10/2015;8:30;;Hot (>70°F);4297 N Old 37;39.21281632;-86.5232587;Central;S to N;Paved;Light;74;2.1;68;2.1;2;6;50;Cast Iron;;Native Soils;Water Main;4;100;24,000;Pipe Barrel;Blow Hole
9/16/2015;8:00;9/16/2015;9:30;13:00;Hot (>70°F);111 Southern Dr;39.14979657;-86.53446948;Central;Loop;Ditch;;85;2.1;80;2.1;2;6;46;Ductile;Not Uncovered;Gravel/Sand;Water Main;3;120;21,600;Pipe Barrel;Blow Hole
9/16/2015;8:00;9/16/2015;9:30;17:30;Hot (>70°F);Hillside & Clifton & Nancy;39.1501742;-86.50975072;Central;Loop;Ditch;Light;70;2.2;40;2.15;1;6;48;Cast Iron;Not Uncovered;Native Soils;Water Main;6;40;14,400;;
9/19/2015;21:30;9/20/2015;6:30;8:30;Mild (55°F-70°F);1900 E Hillside in back yard;39.15017856;-86.5101357;Central;Loop;Ditch;None;58;2.02;;;2;6;75;Cast Iron;Push-On/Slip;Native Soils;Water Main;14;100;84,000;Pipe Barrel;Blow Hole
9/22/2015;1:00;9/22/2015;8:00;10:00;Mild (55°F-70°F);2308 Woodbluff Ct;39.14112548;-86.506214;Central;S to N;Paved;Light;22;2.5;;;;4;54;Ductile;Push-On/Slip;Gravel/Sand;Water Main;;;;Pipe Barrel;Blow Hole
9/23/2015;9:30;9/23/2015;10:30;0:50;Mild (55°F-70°F);3699 S Sowder Sq;39.130737;-86.52218167;Central;Loop;Paved;Light;75;1.66;;;2;6;63;Cast Iron;;Gravel/Sand;Water Main;;;;Pipe Barrel;Circumferential
9/28/2015;15:00;9/28/2015;15:00;20:30;Hot (>70°F);2812 S Yonkers;39.13646264;-86.57542472;West;N to S;Vacant Lot;Light;;;;;1;6;60;;Push-On/Slip;Native Soils;Water Main;4;;;Pipe Barrel;
9/28/2015;10:00;9/28/2015;11:30;14:30;Hot (>70°F);Ramble Rd - Rusgan;39.20076613;-86.5338452;Central;;Paved;Medium;91;2.1;95;2.1;2;8;62;Ductile;Not Uncovered;Gravel/Sand;Water Main;8;100;48,000;Pipe Barrel;
9/30/2015;7:00;9/30/2015;10:30;14:00;Mild (55°F-70°F);501 Sunrise;39.17155731;-86.51366662;Central;Loop;Paved;Medium;;;;;4;12;62;Cast Iron;Mechanical Joint;Gravel/Sand;Water Main;3;150;27,000;Pipe Barrel;Longitudinal Split
9/30/2015;11:34;9/30/2015;12:30;14:00;Mild (55°F-70°F);2348 E Linden Hill Dr;39.1335244;-86.50871314;Central;Loop;Paved;Light;78;1.98;;;2;6;55;Ductile;Push-On/Slip;Gravel/Sand;Water Main;2;120;14,400;Pipe Barrel;Blow Hole
10/07/2015;7:00;10/07/2015;10:00;13:00;Mild (55°F-70°F);3425 Stoney Crest;39.19852263;-86.54450649;Central;Loop;Lawn;None;66;2.1;70;2.1;2;6;60;Cast Iron;Push-On/Slip;Native Soils;Water Main;5;75;;Pipe Barrel;
10/16/2015;9:30;10/16/2015;11:30;14:30;Mild (55°F-70°F);1500, 1999 N Packinghouse Rd;39.1793921;-86.55822986;Central;Loop;Lawn;None;;2.5;;;1;24;24;Ductile;Mechanical Joint;Gravel/Sand;Transmission Line;2;200;24,000;Pipe Barrel;
10/17/2015;13:00;10/17/2015;15:15;16:45;Mild (55°F-70°F);W Wayside Dr;39.10912723;-86.53186315;Central;Loop;Paved;Light;116;2.9;112;2.5;1;6;60;Cast Iron;Not Uncovered;;Water Main;3;20;3,600;Pipe Barrel;Circumferential
10/19/2015;20:30;10/20/2015;7:30;12:00;Mild (55°F-70°F);1625 S Greenfield Ct;39.14850847;-86.50649383;Central;S to N;Lawn;Light;54;2.7;48;3.4;2;4;64;;;Native Soils;Water Main;13;40;31,200;Pipe Barrel;Blow Hole
10/20/2015;7:45;10/20/2015;8:30;11:30;Mild (55°F-70°F);1222 College Mall Rd;39.15284508;-86.49782198;Central;S to N;Lawn;Heavy;75;1.69;;;3;6;72;Ductile;Push-On/Slip;Gravel/Sand;Water Main;3;100;18,000;Pipe Barrel;Blow Hole
10/20/2015;7:00;10/20/2015;9:30;11:30;Mild (55°F-70°F);1400 S Palmer;39.15145078;-86.52926637;Central;Loop;Paved;Light;;;;;1;6;56;Ductile;Not Uncovered;Gravel/Sand;Water Main;1;150;9,000;Pipe Barrel;Blow Hole
10/21/2015;7:45;10/21/2015;8:30;12:30;Mild (55°F-70°F);1506 S Nancy St;39.15015534;-86.5107498;Central;N to S, E to W;Paved;Light;66;2.18;62;2.8;1;6;60;Cast Iron;Not Uncovered;Gravel/Sand;Water Main;2;30;3,600;Pipe Barrel;Blow Hole
10/21/2015;23:00;10/22/2015;8:00;9:30;Mild (55°F-70°F);1203 Prairie;39.22209304;-86.51545569;Central;Loop;Ditch;None;60;1.72;58;1.72;2;6;60;Cast Iron;Not Uncovered;Native Soils;Water Main;8;50;24,000;Pipe Barrel;Circumferential
10/28/2015;12:30;10/28/2015;14:30;18:30;Mild (55°F-70°F);1705 N Kinser;39.18550164;-86.53788712;;N to S;Paved;Light;85;2.1;885;2.1;;18;84;Cast Iron;Push-On/Slip;Gravel/Sand;Water Main;;;;Pipe Barrel;
10/31/2015;23:00;11/01/2015;;7:38;Mild (55°F-70°F);2480 N Stonelake Dr;39.19071407;-86.54414558;;N to S;Lawn;None;;;;;;12;;Ductile;;;;7;500;210,000;;
11/01/2015;6:30;11/01/2015;9:30;10:30;Mild (55°F-70°F);2010 W Ross Ln;39.15664025;-86.55840075;;E to W;Lawn;None;81;1.9;81;1.9;2;6;;;;Native Soils;Water Main;3;;;;Blow Hole
11/03/2015;8:00;11/03/2015;9:00;11:00;Mild (55°F-70°F);1506 S Nancy St;39.1501582;-86.51077142;Central;N to S;Paved;Light;60;2.2;60;2.2;2;6;72;Ductile;Not Uncovered;Gravel/Sand;Water Main;5;75;22,500;Pipe Barrel;Blow Hole
11/04/2015;13:30;11/04/2015;15:00;18:30;Hot (>70°F);105 W Hoosier;39.13194647;-86.53201037;Central;E to W;Paved;Light;100;2.2;88;2.2;1;6;60;Ductile;Push-On/Slip;;Water Main;5;150;45,000;Pipe Barrel;Blow Hole
11/05/2015;15:27;11/05/2015;16:00;21:50;Mild (55°F-70°F);2845 S Oakdale Dr;39.14867255;-86.57007554;West;E to W;Lawn;Medium;82;1.81;99;1.81;3;12;80;;Push-On/Slip;Gravel/Sand;Water Main;3;400;72,000;Flang nut/bolt/tie rod;Blow Hole
11/08/2015;8:00;11/09/2015;10:30;12:00;Mild (55°F-70°F);1318 S Henderson;39.15162622;-86.52693494;Central;Loop;Paved;Medium;78;2.7;82;2.9;2;12;48;Cast Iron;Not Uncovered;Gravel/Sand;Service Lateral;27;10;16,200;Pipe Barrel;Corporation
11/16/2015;7:30;11/16/2015;9:00;11:30;Cold (40°F-55°F);4297 N Old 37;39.21279715;-86.52326916;Central;S to N;Gravel;None;80;1.85;82;1.85;2;6;46;Cast Iron;Not Uncovered;Gravel/Sand;Water Main;3;100;18,000;Pipe Barrel;Blow Hole
11/16/2015;12:30;11/16/2015;13:30;15:30;Cold (40°F-55°F);Spicewood Ct - Spicewood Ln;39.14051235;-86.49954792;Central;E to W;Paved;Medium;72;1.95;;;2;4;50;Cast Iron;Not Uncovered;Gravel/Sand;Water Main;3;75;13,500;Pipe Barrel;Circumferential
11/17/2015;7:30;11/17/2015;9:00;11:30;Cold (40°F-55°F);3222 Bradshire Ct;39.1345323;-86.51356825;Central;N to S;Paved;Light;76;2.1;;;2;4;54;Cast Iron;;Gravel/Sand;Water Main;3;120;21,600;Pipe Barrel;Blow Hole
11/20/2015;11:30;11/20/2015;12:30;14:30;Cold (40°F-55°F);3522 Fairington;39.13594146;-86.57692592;West;Loop;Lawn;None;90;2.1;90;2.1;2;6;56;Cast Iron;;Native Soils;Water Main;3;75;13,500;Pipe Barrel;Corporation
11/23/2015;8:00;11/24/2015;8:00;13:00;Cold (40°F-55°F);6th & Washington;39.16755638;-86.53228626;Central;Loop;Paved;Medium;81;2.1;;;3;8;42;Cast Iron;Not Uncovered;Gravel/Sand;Water Main;24;20;28,800;Pipe Barrel;Circumferential
11/25/2015;5:45;11/25/2015;8:15;10:10;Freezing (30°F-39°F);3904 S Sage Ct;39.12366752;-86.52451086;South;N to S;Lawn;;;;46;1.76;1;6;60;Ductile;Push-On/Slip;Gravel/Sand;Water Main;1.5;60;5,400;Pipe Barrel;Blow Hole
11/26/2015;15:00;11/26/2015;16:30;18:50;Mild (55°F-70°F);840 S Cory Ln;39.15760959;-86.55982564;West;Loop;Paved;Medium;62;1.15;64;0.25;1;12;60;Cast Iron;Mechanical Joint;Native Soils;Water Main;2;80;9,600;Pipe Barrel;Blow Hole
11/30/2015;8:30;11/30/2015;10:30;12:30;Cold (40°F-55°F);Park Ridge Rd - Wiltshier;39.1716967;-86.4734909;West;Loop;Paved;Medium;78;1.98;75;1.9;2;6;56;Cast Iron;Not Uncovered;Gravel/Sand;Water Main;4;50;12,000;Pipe Barrel;Circumferential
12/03/2015;9:30;12/02/2015;11:30;14:30;Cold (40°F-55°F);Reba Ct - Reba Ave;39.12629172;-86.57633212;West;Loop;Ditch;None;69;2.1;72;2.1;2;6;62;Cast Iron;Not Uncovered;Native Soils;Water Main;3;100;18,000;Pipe Barrel;Circumferential
12/15/2015;9:00;12/15/2015;10:00;11:30;Cold (40°F-55°F);Elliston - Fenway;39.12952028;-86.51495969;Central;W to E;Ditch;None;100;1.9;;;2;6;36;Cast Iron;Not Uncovered;Gravel/Sand;Water Main;;;;;Corporation
12/23/2015;9:30;12/23/2015;11:30;13:30;Cold (40°F-55°F);209 N Sheffield;39.16731803;-86.47995852;East;N to S;Lawn;Medium;63;;70;;2;4;48;Cast Iron;Not Uncovered;Gravel/Sand;Water Main;4;;;Pipe Barrel;Circumferential
12/24/2015;15:20;12/24/2015;15:20;21:00;Cold (40°F-55°F);1900 S Walnut St;39.14517963;-86.5322342;Central;S to N;Paved;Heavy;;;97;1.57;3;12;48;Cast Iron;Push-On/Slip;Gravel/Sand;Water Main;2;100;12,000;Pipe Barrel;Circumferential
12/28/2015;10:30;12/31/2015;8:00;19:00;Freezing (30°F-39°F);400 S Lincoln St;39.16274847;-86.53118152;Central;Loop;Paved;Medium;80;2;;;2;6;44;Cast Iron;Lead;Native Soils;Water Main;82;100;492,000;Pipe Barrel;Circumferential
01/06/2016;9:00;01/06/2016;11:30;;Freezing (30°F-39°F);Kirby & Gifford;39.15125211;-86.61034178;West;;Ditch;;78;1.9;;;;6;51;Cast Iron;Not Uncovered;Native Soils;Water Main;5;100;30,000;Pipe Barrel;Circumferential
01/07/2016;8:00;01/07/2016;10:00;13:00;Freezing (30°F-39°F);1610 Maple Crest;39.188987;-86.51640009;Central;Loop;Gravel;Light;69;1.9;;;2;6;51;Cast Iron;Not Uncovered;Gravel/Sand;Water Main;4;100;24,000;Pipe Barrel;Circumferential
01/07/2016;15:55;01/07/2016;17:00;23:00;Cold (40°F-55°F);1926 W Arlington Rd;39.18505647;-86.55039961;Central;Loop;Paved;Medium;42;2.09;32;1.88;1;8;48;Cast Iron;Not Uncovered;Native Soils;Water Main;3;40;7,200;Pipe Barrel;Longitudinal Split
01/09/2016;9:00;01/09/2016;11:30;13:50;Cold (40°F-55°F);Church Ln & White Pine Dr;39.10730626;-86.537052;Central;Loop;Paved;Medium;110;2.16;110;2.17;2;12;48;Cast Iron;Not Uncovered;Gravel/Sand;Water Main;5;30;9,000;Pipe Barrel;Circumferential
01/11/2016;8:30;01/11/2016;10:00;11:30;Below Freezing (<30°F);1303 Hancock;39.17712117;-86.54893761;Central;W to E;Paved;Medium;80;2.1;;;1;6;54;Cast Iron;Not Uncovered;Native Soils;Water Main;5;50;15,000;Pipe Barrel;Circumferential
01/11/2016;9:00;01/11/2016;10:30;12:30;Freezing (30°F-39°F);16th & Monroe;39.17739089;-86.54742086;Central;Loop;Paved;Medium;79;2.08;70;2;1;6;46;Cast Iron;Not Uncovered;Gravel/Sand;Water Main;6;75;27,000;Pipe Barrel;Circumferential
01/12/2016;10:00;01/12/2016;10:30;12:30;Freezing (30°F-39°F);1219 Allendale Dr;39.13076654;-86.51960655;Central;Loop;Paved;Medium;80;1.9;82;1.9;2;8;38;Cast Iron;Not Uncovered;Gravel/Sand;Water Main;32;10;19,200;Pipe Barrel;Longitudinal Split
1/19/2016;17:45;1/19/2016;22:00;23:00;Below Freezing (<30°F);557 Park Ridge Rd;39.17163368;-86.47354076;;;Paved;Medium;78;1.25;78;1.25;2;6;48;Cast Iron;;Gravel/Sand;Water Main;6;;;Pipe Barrel;Circumferential
1/22/2016;9:00;1/24/2016;10:30;13:00;Below Freezing (<30°F);1205 Fairwood;39.22128368;-86.51583145;Central;S to N;Paved;Medium;68;1.6;65;1.68;2;6;51;Cast Iron;Not Uncovered;Gravel/Sand;Water Main;5;75;22,500;Pipe Barrel;Circumferential
1/25/2016;9:00;1/25/2016;10:30;13:30;Freezing (30°F-39°F);1480 Southdowns;39.15531808;-86.51499541;Central;Loop;Paved;Medium;82;2.15;;;2;6;54;Cast Iron;Not Uncovered;Native Soils;Water Main;3;50;9,000;Pipe Barrel;Circumferential
02/08/2016;23:30;02/09/2016;3:00;12:30;Below Freezing (<30°F);901 N Smith Rd;39.17201772;-86.48209482;Central;S to N;Paved;Light;48;2.1;;;1;6;180;Cast Iron;Push-On/Slip;Gravel/Sand;Water Main;14;100;84,000;Pipe Barrel;Blow Hole
02/12/2016;1:30;02/12/2016;8:00;10:00;Freezing (30°F-39°F);4227 E Penn Ct;39.16918914;-86.47632987;East;W to E;Paved;Light;66;2.8;;;;6;48;Cast Iron;;Gravel/Sand;Water Main;;;;Pipe Barrel;Blow Hole
2/16/2016;;2/16/2016;14:15;15:15;Cold (40°F-55°F);3309 E Gosport Ct;39.1412685;-86.49127637;Central;E to W;Paved;Light;50;2.5;;;2;8;48;Ductile;;Gravel/Sand;Water Main;1;60;3,600;Pipe Barrel;Blow Hole
2/18/2016;5:00;2/18/2016;11:00;17:00;Freezing (30°F-39°F);114 E 1st (by 604 SW Ash);39.15936724;-86.53261606;Central;Loop;Paved;Medium;88;2.1;;;2;6;62;Cast Iron;Not Uncovered;Native Soils;Water Main;8;100;48,000;Pipe Barrel;Circumferential
03/01/2016;9:00;03/01/2016;10:00;11:30;Cold (40°F-55°F);301 N Gates Dr on W Jonathan Dr;39.16881833;-86.57771685;West;Loop;Ditch;;;;;;1;8;60;Ductile;Not Uncovered;Gravel/Sand;Water Main;2;200;24,000;Pipe Barrel;
4/30/2016;9:00;4/30/2016;9:00;18:00;Mild (55°F-70°F);1004 S Gentry Ct;39.15625062;-86.47422271;East;E to W;Paved;Light;57;2.2;;;1;6;48;Ductile;Push-On/Slip;Gravel/Sand;Water Main;3;200;36,000;Pipe Barrel;Blow Hole
05/11/2016;;05/11/2016;13:00;15:00;Hot (>70°F);1007 E Sherbrooke Drive;39.1255599;-86.52115497;Central;Loop;Lawn;None;;;;;1;4;51;Ductile;;Gravel/Sand;Water Main;1;300;18,000;Pipe Barrel;Blow Hole
5/27/2016;;5/27/2016;;;Hot (>70°F);8th & Woodlawn;39.16949861;-86.5235526;Central;W to E;Paved;None;;;;;2;6;48;Cast Iron;Not Uncovered;Native Soils;Water Main;3;75;13,500;End Cap;
06/01/2016;13:25;06/01/2016;;;Hot (>70°F);2001 E Ashwood Ln;39.12930212;-86.51182843;;E to W;Paved;None;91;2.7;;;2;4;;Ductile;;;Water Main;;;;;
06/06/2016;8:00;06/06/2016;8:30;;Hot (>70°F);3980 S Sare Rd;39.1232217;-86.50991649;Central;Loop;Paved;Medium;95;3.7;;;2;12;48;Ductile;;Gravel/Sand;Water Main;;100;;Pipe Barrel;Blow Hole
6/17/2016;;6/17/2016;11:50;;Hot (>70°F);S Sare Rd & Winston;39.14483333;-86.4970931;;Loop;Lawn;Heavy;;;89;2.5;1;6;72;Ductile;Push-On/Slip;Native Soils;Water Main;3;200;36,000;Pipe Barrel;Blow Hole
6/20/2016;12:00;6/20/2016;12:00;16:00;Hot (>70°F);5005 N State Rd 37 Business;39.22416599;-86.53976423;Central;S to N;Lawn;Light;155;3.5;;;2;8;60;Cast Iron;Push-On/Slip;Gravel/Sand;Water Main;4;100;24,000;;Corporation
6/24/2016;14:30;6/24/2016;16:00;19:30;Hot (>70°F);3434 Ashwood Dr;39.13118225;-86.51024663;Central;Loop;Paved;Light;65;3;;;2;6;42;Ductile;Not Uncovered;Gravel/Sand;Water Main;3;50;9,000;Pipe Barrel;Blow Hole
7/20/2016;0:00;7/20/2016;1:30;6:00;Hot (>70°F);228 W Church;39.10727559;-86.53397879;Central;E to W;Paved;Medium;110;1.82;112;1.8;2;12;54;Cast Iron;;Gravel/Sand;Water Main;3;100;18,000;Pipe Barrel;Longitudinal Split
7/28/2016;22:30;7/28/2016;12:00;2:00;Hot (>70°F);2327 Windingbrook Ct;39.13658306;-86.50477862;Central;Loop;Paved;Light;75;1.88;;;1;6;44;Ductile;;Gravel/Sand;Water Main;5;100;30,000;Pipe Barrel;Blow Hole
7/29/2016;11:30;7/29/2016;12:30;14:00;Hot (>70°F);3rd & Landmark;39.1639481;-86.55622262;West;Loop;Lawn;Medium;77;1.89;;;1;6;48;Ductile;;Gravel/Sand;Water Main;3;100;18,000;Pipe Barrel;Blow Hole
09/02/2016;11:00;09/02/2016;11:00;14:00;Hot (>70°F);211 Glenndora;39.19061736;-86.53212294;Central;Loop;Paved;Light;50;2.7;50;2.5;2;4;50;Cast Iron;Push-On/Slip;Native Soils;Water Main;2;50;6,000;Pipe Barrel;Blow Hole
09/09/2016;8:30;09/09/2016;8:45;12:30;Hot (>70°F);W 17th & Jackson;39.1789777;-86.53935176;Central;E to W;Paved;;;;;;;16;42;Cast Iron;Mechanical Joint;Gravel/Sand;Transmission Line;3;800;144,000;Pipe Barrel;Longitudinal Split
9/24/2016;6:45;9/24/2016;8:30;11:30;Mild (55°F-70°F);1314 E Fairwood;39.2212514;-86.51323605;Central;Loop;Lawn;None;63;0.26;65;0.26;2;6;50;Cast Iron;Not Uncovered;Native Soils;Water Main;4;100;24,000;Pipe Barrel;Circumferential
9/26/2016;7:30;9/28/2016;7:30;14:00;Mild (55°F-70°F);1613 Clifton Ave;39.14907797;-86.50956789;;E to W;Paved;Light;;;;;2;2;42;Cast Iron;;Native Soils;Water Main;72;;;Pipe Barrel;Blow Hole
10/05/2016;10:00;10/06/2016;11:00;12:00;Hot (>70°F);3331 N Kinser Pike;39.20047805;-86.54266506;;;;Medium;55;2.2;54;2;2;6;42;Cast Iron;Lead;Native Soils;Service Lateral;;;;Other;Corporation
10/27/2016;7:30;10/27/2016;8:00;13:00;Mild (55°F-70°F);Parkridge & Morningside;39.16712441;-86.47524989;South;Loop;Lawn;Medium;75;2.4;75;2.4;3;6;66;Cast Iron;Push-On/Slip;Gravel/Sand;Water Main;48;20;57,600;Pipe Barrel;Circumferential
10/28/2016;7:30;10/28/2016;8:00;0:00;Mild (55°F-70°F);3921 Sims Ln;39.12661151;-86.58205354;West;Loop;Lawn;Medium;75;2.1;75;2.1;2;6;53;Cast Iron;Push-On/Slip;Native Soils;Water Main;24;50;72,000;Pipe Barrel;Circumferential
11/11/2016;2:20;11/11/2016;5:00;14:00;Cold (40°F-55°F);3801 E 3rd;39.16428904;-86.48253176;;;Paved;Heavy;45;2;45;2;1;12;54;Cast Iron;Not Uncovered;Native Soils;Water Main;8;;;Pipe Barrel;Circumferential
11/12/2016;20:30;11/13/2016;22:30;4:00;Freezing (30°F-39°F);1600 S Rogers;39.14941264;-86.53889627;West;;Paved;None;71;2;;;1;6;60;Cast Iron;Not Uncovered;Gravel/Sand;Water Main;8;;;Pipe Barrel;Circumferential
11/16/2016;4:00;11/16/2016;9:00;0:00;Mild (55°F-70°F);3442 E Longview;39.16763986;-86.48921639;Central;Loop;Lawn;Medium;47;2.2;;;2;6;60;Cast Iron;;Native Soils;Water Main;24;20;28,800;Pipe Barrel;Circumferential
11/19/2016;10:00;11/16/2016;11:00;13:00;Cold (40°F-55°F);W. Cloverter and N. Cascade Dr.;39.19192105;-86.53928888;Central;Loop;Paved;Medium;80;2.1;;;2;6;48;Cast Iron;Push-On/Slip;Native Soils;Water Main;4;20;4,800;Pipe Barrel;Circumferential
11/22/2016;9:00;11/22/2016;13:00;14:00;;37 and Ellis Rd.;39.2465051;-86.53274143;;E to W;Paved;Heavy;121;2.3;121;2.3;;6;48;Cast Iron;;Gravel/Sand;Water Main;5;;;Pipe Barrel;Circumferential
11/23/2016;10:00;11/23/2016;12:00;13:30;Cold (40°F-55°F);4580 E 10th St;39.17763402;-86.47694841;;N to S;Ditch;None;65;0.49;65;0.49;2;6;54;Cast Iron;;Native Soils;Water Main;4;;;Pipe Barrel;Circumferential
12/01/2016;14:45;12/01/2016;15:30;18:30;Cold (40°F-55°F);17th & Maple Hydrant;39.17894056;-86.54199573;Central;Loop;Paved;Medium;50;1.89;;;3;6;48;Cast Iron;;Native Soils;Water Main;3;100;18,000;Pipe Barrel;
12/01/2016;;12/01/2016;8:00;10:30;Cold (40°F-55°F);730 W Wylie St;39.15844729;-86.54260847;;E to W;Paved;Medium;70;2.2;;;2;6;53;Ductile;Push-On/Slip;Gravel/Sand;Water Main;20;200;240,000;Pipe Barrel;Corporation
12/01/2016;18:00;12/02/2016;8:00;14:00;Cold (40°F-55°F);5005 N State Rd 37 Business;39.22395917;-86.53970381;;;Lawn;Heavy;155;1.5;;;2;8;84;Steel;Push-On/Slip;Native Soils;Water Main;6;50;18,000;Pipe Barrel;Corporation
12/08/2016;7:30;12/08/2016;8:00;;Below Freezing (<30°F);7th and Clark;39.16820042;-86.5050011;Central;Loop;Paved;Medium;50;1.97;;;2;6;;Cast Iron;Push-On/Slip;Native Soils;Water Main;6;5;1,800;Pipe Barrel;Circumferential
12/08/2016;14:30;12/08/2016;16:30;17:10;Freezing (30°F-39°F);106 S Overhill;39.16556653;-86.50186038;Central;Loop;Gravel;Light;50;2.05;50;2.08;1;6;42;Cast Iron;Not Uncovered;Native Soils;Water Main;3;20;3,600;Pipe Barrel;Circumferential
12/14/2016;11:00;12/14/2016;11:30;15:00;Below Freezing (<30°F);15th & Illinios;39.17622365;-86.55167404;;Loop;Gravel;Medium;65;2.2;;;2;6;48;Cast Iron;Push-On/Slip;Native Soils;Water Main;2;20;2,400;Pipe Barrel;Circumferential
12/15/2016;15:00;12/16/2016;8:00;11:00;Below Freezing (<30°F);504 Audobon & Scenic;39.21266689;-86.52885435;;Loop;Lawn;Medium;95;2.11;;;2;6;53;Cast Iron;Push-On/Slip;Native Soils;Water Main;24;50;72,000;Pipe Barrel;Circumferential
12/19/2016;;12/19/2016;;;Cold (40°F-55°F);723 E Pepperidge Dr;39.12454587;-86.52291673;South;Loop;Paved;Medium;50;2.04;;;2;6;60;Ductile;Push-On/Slip;Gravel/Sand;Water Main;4;30;7,200;Pipe Barrel;Blow Hole
12/20/2016;8:00;12/20/2016;9:30;13:00;Below Freezing (<30°F);2nd and Rose Ave;39.161012;-86.51074817;Central;Loop;Paved;Medium;78;1.62;78;1.6;2;4;42;Cast Iron;Not Uncovered;Native Soils;Water Main;5;100;30,000;Pipe Barrel;Circumferential
12/21/2016;6:00;12/21/2016;13:00;;Below Freezing (<30°F);2697 Rock Creek Dr;39.14269425;-86.50022968;Central;E to W;paved;Medium;98;2.2;;;2;4;53;Cast Iron;Push-On/Slip;Native Soils;Water Main;;;;Pipe Barrel;Blow Hole
12/21/2016;15:00;12/21/2016;17:00;20:00;Freezing (30°F-39°F);2211 S High St;39.13810154;-86.50786002;;;Paved;Light;95;2.2;;;2;4;72;Cast Iron;Push-On/Slip;Native Soils;Service Lateral;4;2;480;Pipe Barrel;Circumferential
12/25/2016;20:00;12/25/2016;21:30;6:00;Mild (55°F-70°F);3904 S Sage Ct;39.12373857;-86.52450447;South;E to W;Lawn;Light;50;2.2;;;2;6;84;Ductile;Push-On/Slip;Gravel/Sand;Water Main;2;50;6,000;Pipe Barrel;Blow Hole
12/29/2016;8:00;12/29/2016;8:00;13:00;Freezing (30°F-39°F);2430 Arlington Rd;39.19027979;-86.55175604;Central;S to N;paved;Medium;;;;;2;8;63;Cast Iron;Mechanical Joint;Gravel/Sand;Water Main;4;20;4,800;Flang nut/bolt/tie rod;Bolt Leak
01/01/2017;18:00;01/01/2017;19:00;1:00;Cold (40°F-55°F);743 E Pepperridge Dr;39.12558342;-86.52262942;South;E to W;Paved;Medium;50;2.2;;;2;6;7;Ductile;Push-On/Slip;Gravel/Sand;Water Main;4;50;12,000;Pipe Barrel;Blow Hole
01/06/2017;23:00;01/06/2017;12:00;13:30;Freezing (30°F-39°F);2128 E Meadowbluff Ct;39.14249548;-86.50696861;Central;W to E;Lawn;Light;85;2.2;85;2.2;2;4;48;Cast Iron;Push-On/Slip;Native Soils;Water Main;4;20;4,800;Pipe Barrel;Circumferential
1/13/2017;20:00;11/13/2017;23:00;2:00;Cold (40°F-55°F);743 E Pepperridge Dr;39.12551787;-86.52261475;South;Loop;Paved;Light;36;0.15;;;1;6;72;Ductile;;Gravel/Sand;Water Main;6;100;36,000;Pipe Barrel;Blow Hole
1/24/2017;13:00;1/26/2017;8:00;9:00;Freezing (30°F-39°F);2124 E Woodstock Pl;39.15656225;-86.50696446;Central;W to E;Paved;Light;50;1.92;;;2;6;40;Cast Iron;;Gravel/Sand;Water Main;72;70;302,400;Pipe Barrel;Circumferential
1/24/2017;23:00;1/25/2017;10:00;11:00;Cold (40°F-55°F);2512 E 8th;39.16924995;-86.50305403;Central;Loop;Lawn;Light;42;1.02;;;2;4;38;Cast Iron;Push-On/Slip;Native Soils;Water Main;24;25;36,000;Pipe Barrel;Circumferential
02/08/2017;0:00;02/08/2017;13:30;14:30;Freezing (30°F-39°F);2530 E 8th;39.16907993;-86.50247881;Central;Loop;Lawn, Ditch;Medium;48;2.2;48;2.2;2;4;48;Cast Iron;Push-On/Slip;Native Soils;Water Main;4;4;960;Pipe Barrel;Circumferential
02/09/2017;14:00;02/10/2017;8:00;17:30;;809 S Henderson;39.15865992;-86.52706662;Central;Loop;Paved;Medium;78;2.2;78;2.2;3;12;44;Cast Iron;Mechanical Joint;Native Soils;Water Main;22;50;66,000;Flang nut/bolt/tie rod;Bolt Leak
2/23/2017;22:30;2/24/2017;0:30;2:30;Mild (55°F-70°F);3122 S Ryan Ct;39.12976333;-86.54264691;Central;S to N;Paved;Light;;;87;1.98;;6;45;Ductile;Push-On/Slip;Gravel/Sand;Water Main;5;100;30,000;Pipe Barrel;Blow Hole
4/13/2017;8:00;4/13/2017;10:00;10:00;Mild (55°F-70°F);W 17th St & N Crescent;39.17906437;-86.55648638;West;Loop;Paved;;85;2.1;85;;2;8;50;Cast Iron;Push-On/Slip;Gravel/Sand;Water Main;24;10;14,400;Pipe Barrel;Circumferential
4/29/2017;22:40;4/30/2017;22:40;16:00;Cold (40°F-55°F);310 W Church Ln;39.10728616;-86.5355435;Central;E to W;Paved;Medium;;;;;1;12;48;Cast Iron;;Native Soils;Water Main;4;750;180,000;Pipe Barrel;Longitudinal Split
05/01/2017;9:00;05/01/2017;9:30;11:30;Mild (55°F-70°F);691 Fairway Ln;39.13172672;-86.54409446;Central;Loop;Lawn;Medium;75;2.2;75;2.2;2;6;48;Cast Iron;Push-On/Slip;Native Soils;Water Main;2;20;2,400;;Corporation
5/30/2017;;;;;;;;;;;;;;;;;;;;;;;;;;;;
6/30/2017;0:00;07/01/2017;;14:00;Hot (>70°F);414 N Jonson Ave;39.17098412;-86.56486845;West;W to E;Lawn;Light;80;;80;;2;2;36;Cast Iron;Not Uncovered;Native Soils;Water Main;96;2;11,520;Pipe Barrel;Circumferential
07/10/2017;;07/10/2017;15:30;19:30;Hot (>70°F);E Rock Creek Dr & S Childs Ct;39.13954882;-86.50713633;;N to S;Paved, Lawn;;;;20;;2;4;40;Cast Iron;;Native Soils;Water Main;6;600;216,000;Pipe Barrel;Blow Hole
07/12/2017;20:30;07/12/2017;0:00;3:00;Hot (>70°F);4153 Hector Dr;39.17304056;-86.48021637;;Loop;Lawn;;;;;;2;6;54;Cast Iron;Push-On/Slip;Native Soils;Water Main;7;350;147,000;Pipe Barrel;Blow Hole
7/14/2017;21:30;7/14/2017;aa:00 PM;1:30;Hot (>70°F);2300 Ashwood Dr;39.13122896;-86.51020358;;N to S;Paved;Light;85;1.83;85;1.83;2;6;48;Ductile;Push-On/Slip;Gravel/Sand;Water Main;4;;;Pipe Barrel;Blow Hole
7/18/2017;14:30;7/18/2017;16:00;19:00;Hot (>70°F);1002 E Heather Dr;39.126325;-86.5218212;;E to W;Paved;Light;81;1.81;81;1.81;2;8;48;Ductile;;Gravel/Sand;Water Main;3;;;Pipe Barrel;Blow Hole
7/22/2017;23:40;7/23/2017;0:45;1:30;Hot (>70°F);3220 E 3rd;39.16417155;-86.4914688;Central;E to W;Paved;Heavy;;1.87;;1.87;1;12;72;Cast Iron;Mechanical Joint;Gravel/Sand;Water Main;5;;;Pipe Barrel;Longitudinal Split
7/24/2017;6:30;7/24/2017;7:30;13:30;Hot (>70°F);103 E Southern Dr;39.1497493;-86.53302355;;E to W;Paved;;56;1.81;;1.81;;6;4;Ductile;Push-On/Slip;Gravel/Sand;Water Main;2;;;Pipe Barrel;Blow Hole
7/25/2017;21:25;7/26/2017;0:30;1:30;Hot (>70°F);3819 S Linda's Way;39.12841973;-86.51591506;Central;S to N;Paved;Light;70;3;;;1;4;48;Ductile;Not Uncovered;Gravel/Sand;Water Main;4;50;12,000;Pipe Barrel;Blow Hole
7/28/2017;10:30;7/28/2017;12:00;14:30;Hot (>70°F);N State Road 37 Business & E Whisnand Rd;39.22471488;-86.53949443;Central;;Vacant Lot;Medium;;;;;2;6;54;Cast Iron;Not Uncovered;Gravel/Sand;Water Main;3;100;18,000;Pipe Barrel;Longitudinal Split
8/14/2017;5:00;8/14/2017;8:00;13:30;Hot (>70°F);503 S Fieldstone Blvd;39.16026813;-86.60456044;West;Loop;Lawn;;;2.1;;;1;12;108;Ductile;Push-On/Slip;Gravel/Sand;Service Lateral;4;100;24,000;;
8/18/2017;15:20;8/18/2017;17:00;18:00;Hot (>70°F);4200 E Morningside Dr;39.16731462;-86.47755216;East;Loop;Lawn;Light;60;2.5;66;2.5;2;6;48;Cast Iron;Not Uncovered;Native Soils;Water Main;2;50;6,000;Pipe Barrel;Circumferential
8/20/2017;17:30;8/20/2017;20:00;21:40;Hot (>70°F);3317 W Jordan Ct;39.12267276;-86.57563597;West;E to W;Paved;;80;2.4;;;1;6;48;Ductile;Not Uncovered;Gravel/Sand;Water Main;4;30;7,200;Pipe Barrel;Blow Hole
8/26/2017;15:55;8/26/2017;17:00;0:00;Hot (>70°F);3rd Clarizz;39.1641796;-86.49162751;;Loop;Paved;Heavy;70;;;;1;12;78;Cast Iron;Not Uncovered;Native Soils;Water Main;5;900;270,000;Pipe Barrel;Circumferential
09/05/2017;8:00;09/05/2017;8:00;13:00;Hot (>70°F);3703 Grasstree Ct;39.12702554;-86.52266802;Central;W to E;Paved;Medium;48;1.95;;;1;6;53;Ductile;Push-On/Slip;Gravel/Sand;Water Main;24;50;72,000;Pipe Barrel;Blow Hole
09/06/2017;17:00;09/06/2017;17:00;2:00;;1107 Berkshire ct;39.12529193;-86.51953952;Central;W to E;Paved;Light;80;2.19;;;2;6;96;Ductile;Push-On/Slip;Gravel/Sand;Water Main;2;100;12,000;Pipe Barrel;Blow Hole
09/06/2017;8:00;09/06/2017;8:00;13:00;;4500 S Orchard Ln;39.11557133;-86.53320313;Central;Loop;Vacant Lot;None;80;2.2;;;2;2;36;PVC;Push-On/Slip;Gravel/Sand;Water Main;2;10;1,200;Joint;Lead Joint Leak
09/08/2017;18:00;09/08/2017;18:30;21:00;Hot (>70°F);1400 S Palmer St;39.1514028;-86.52927274;Central;Loop;Gravel;Light;80;1.76;;;2;6;53;Cast Iron;Push-On/Slip;Native Soils;Water Main;2;30;3,600;Pipe Barrel;Circumferential
09/12/2017;14:10;09/12/2017;14:30;16:00;Mild (55°F-70°F);Walnut & Allen;39.15565232;-86.53355996;Central;S to N;Paved;Heavy;;;;;2;6;48;Ductile;;Gravel/Sand;Water Main;2;;;Fire Arm;Blow Hole
9/18/2017;9:00;9/18/2017;9:00;15:30;;5001 N St Rd 37 Business;39.22259171;-86.53930167;Central;N to S;Lawn;;155;2.1;;;1;8;60;Ductile;;Native Soils;Water Main;2;200;24,000;Pipe Barrel;Longitudinal Split
10/04/2017;8:00;10/04/2017;8:00;12:00;Hot (>70°F);4272 Broadway;39.16579426;-86.59195203;West;W to E;Lawn;Light;70;2;;;2;4;72;Cast Iron;;Native Soils;Water Main;2;10;1,200;Pipe Barrel;Circumferential
10/06/2017;8:00;10/06/2017;8:00;11:00;Hot (>70°F);2138 E Meadow Bluff Ct;39.14234919;-86.50693123;Central;W to E;Lawn;Light;80;2;;;2;4;48;Cast Iron;Push-On/Slip;Native Soils;Water Main;2;10;1,200;Pipe Barrel;Circumferential
10/19/2017;12:00;10/19/2017;12:00;20:00;Hot (>70°F);3142 Yonkers;39.13347397;-86.57438586;South;Loop;Paved;Medium;90;2.2;;;2;6;48;Cast Iron;Push-On/Slip;Native Soils;Water Main;3;10;1,800;Pipe Barrel;Circumferential
10/20/2017;8:00;10/20/2017;8:00;14:00;Hot (>70°F);8th Street & N Fairview;39.16953265;-86.5411521;Central;Loop;Paved;Medium;80;1.7;;;4;6;54;Ductile;Push-On/Slip;Gravel/Sand;Water Main;2;20;2,400;Pipe Barrel;Circumferential
10/30/2017;8:00;10/30/2017;8:00;12:00;Cold (40°F-55°F);4101 E Saratoga Dr;39.16535442;-86.47873112;Central;Loop;Paved;Medium;70;1.9;;;2;6;72;Cast Iron;Push-On/Slip;Gravel/Sand;Water Main;2;20;2,400;Pipe Barrel;Circumferential
10/31/2017;10:00;10/31/2017;10:00;13:00;Cold (40°F-55°F);1202 E Fairwood Dr;39.22126187;-86.51579548;Central;Loop;Paved;Medium;75;2.1;;;2;6;48;Cast Iron;Push-On/Slip;Gravel/Sand;Water Main;1;10;600;Pipe Barrel;Circumferential
11/01/2017;9:00;11/01/2017;9:00;13:00;Cold (40°F-55°F);315 N Jonson Ave;39.16931335;-86.56503026;West;Loop;Lawn;Medium;65;1.9;;;2;6;48;Cast Iron;Push-On/Slip;Native Soils;Water Main;2;5;600;Pipe Barrel;Circumferential
11/01/2017;16:00;11/01/2017;18:30;22:30;Cold (40°F-55°F);1982 E Cheyanne Ln;39.13853547;-86.50962294;Central;Loop;Lawn;Medium;60;1.52;;;2;6;44;Cast Iron;Mechanical Joint;Native Soils;Water Main;4;100;24,000;Pipe Barrel;Circumferential
11/02/2017;12:00;11/02/2017;12:00;14:00;Cold (40°F-55°F);320 Pleasant Ridge;39.16318397;-86.48929327;Central;Loop;Paved;Medium;75;1.9;;;2;6;48;Cast Iron;Push-On/Slip;Native Soils;Water Main;1;10;600;Pipe Barrel;Circumferential
11/04/2017;22:00;11/05/2017;0:00;2:30;Cold (40°F-55°F);2450 N Browncliff Ln;39.18856642;-86.51751089;Central;Loop;Lawn;Medium;62;1.67;;;2;6;48;Cast Iron;Push-On/Slip;Native Soils;Water Main;6;60;21,600;Pipe Barrel;Circumferential
11/07/2017;7:30;11/07/2017;7:30;15:00;Mild (55°F-70°F);2901 David St;39.1385845;-86.49520532;Central;Loop;Paved;Light;80;2.2;80;2.2;2;6;60;Ductile;Push-On/Slip;Gravel/Sand;Water Main;3;100;18,000;Pipe Barrel;Blow Hole
11/11/2017;8:30;11/12/2017;11:45;13:00;Cold (40°F-55°F);118 Westplex Ave;39.16614967;-86.55484219;Central;W to E;Vacant Lot;Light;20;3.4;;;2;6;48;Ductile;Not Uncovered;Gravel/Sand;Water Main;29;40;69,600;Pipe Barrel;Blow Hole
11/19/2017;2:00;11/19/2017;4:00;9:30;Freezing (30°F-39°F);2700 S McCartney;39.1444427;-86.49784523;;Loop;Lawn, Paved;None;;;;;1;6;72;Cast Iron;Not Uncovered;Gravel/Sand, Native Soils;Water Main;4;833;199,920;Pipe Barrel;Blow Hole
11/19/2017;16:00;11/19/2017;18:00;22:00;Freezing (30°F-39°F);1706 E 2nd St;39.16100145;-86.51251853;;Loop;Paved;Light;;;;;2;6;58;Cast Iron;Push-On/Slip;Native Soils;Water Main;3;500;90,000;Pipe Barrel;Circumferential
11/29/2017;14:00;11/19/2017;14:00;18:30;Cold (40°F-55°F);3613 E Grandview Dr;39.16858681;-86.48426541;Central;Loop;Gravel;Medium;45;1.9;;;2;6;60;Cast Iron;Push-On/Slip;Native Soils;Water Main;2;10;1,200;Pipe Barrel;
12/10/2017;7:20;12/10/2017;7:20;12:00;Below Freezing (<30°F);3605 E Homestead Dr;39.15461305;-86.48714609;Central;E to W;Paved;Light;45;;;;2;6;45;Cast Iron;Push-On/Slip;Native Soils;Water Main;7;40;16,800;Pipe Barrel;Circumferential
12/11/2017;10:00;12/12/2017;8:00;11:00;Freezing (30°F-39°F);Behind 2211 S High St;39.13877437;-86.50381638;Central;Loop;Vacant Lot;None;77;1.57;;;2;6;48;Cast Iron;Push-On/Slip;Gravel/Sand;Water Main;2160;88;11,404,800;Pipe Barrel;Circumferential
12/12/2017;11:44;12/12/2017;11:44;7:12;Below Freezing (<30°F);3014 S Cuffers;39.13123136;-86.54452093;Central;;Ditch;Light;;;;;1;4;40;Cast Iron;Push-On/Slip;Native Soils;Water Main;3.5;15;3,150;Pipe Barrel;Circumferential
12/13/2017;7:00;12/13/2017;9:00;11:30;Below Freezing (<30°F);627 Western Dr;39.16100506;-86.58681248;West;N to S;Paved;Light;72;1.23;72;1.23;1;6;48;Cast Iron;;Native Soils;Water Main;5;75;22,500;Pipe Barrel;Circumferential
12/14/2017;12:00;12/14/2017;16:30;19:30;Cold (40°F-55°F);135 E Ridgeview Dr;39.13192361;-86.52910875;Central;Loop;Paved;Medium;86;1.88;97;1.87;1;6;48;Cast Iron;Push-On/Slip;Native Soils;Water Main;4.5;40;10,800;Pipe Barrel;Circumferential
12/16/2017;7:30;12/16/2017;9:00;12:00;Cold (40°F-55°F);4665 N Old State Rd 37;39.21338757;-86.52292359;Central;N to S;Gravel;Medium;67;1.93;;;2;4;45;Cast Iron;Push-On/Slip;Native Soils;Water Main;3;35;6,300;Pipe Barrel;Circumferential
12/18/2017;8:00;12/19/2017;8:00;11:35;Cold (40°F-55°F);2211 S High St;39.13799487;-86.506;Central;Loop;Vacant Lot;Light;72;1.95;;;2;8;53;Cast Iron;Push-On/Slip;Native Soils;Water Main;;;;Pipe Barrel;Circumferential
12/24/2017;;12/18/2017;;;;512 E Kirkwood Ave;39.16655969;-86.52756652;Central;Loop;Paved;Medium;87;1.9;;;3;4;48;Ductile;Push-On/Slip;Gravel/Sand;Service Lateral;2;20;2,400;Valve;Bolt Leak
12/29/2017;10:25;12/29/2017;12:00;23:00;Below Freezing (<30°F);1600 N Willis;39.18307292;-86.54409417;Central;Loop;Paved;Light;;;;;2;12;72;Ductile;Push-On/Slip;Native Soils, (Write Type if Other);Transmission Line;2;1000;120,000;Pipe Barrel;Circumferential
01/02/2018;8:00;01/02/2018;8:00;12:00;Below Freezing (<30°F);17th and Walnut Grove;39.17865335;-86.52112843;Central;Loop;Paved;Medium;80;1.9;;;3;6;50;Cast Iron;Push-On/Slip;Native Soils;Water Main;2;5;600;Pipe Barrel;Circumferential
01/04/2018;9:00;01/04/2018;9:00;10:00;Below Freezing (<30°F);E Randol Pl & S Meadowbrooke Dr;39.16309095;-86.4846961;Central;Loop;Paved;Medium;80;1.8;;;2;6;53;Cast Iron;Push-On/Slip;Native Soils;Water Main;2;3;360;Pipe Barrel;Circumferential
01/08/2018;7:00;01/08/2018;8:30;12:30;Below Freezing (<30°F);724 N Lindbergh Dr;39.17379747;-86.55248779;West;Loop;Gravel;Medium;59;1.45;;;1;6;42;Cast Iron;Push-On/Slip;Gravel/Sand;Water Main;5;80;24,000;Pipe Barrel;Circumferential
01/08/2018;10:00;01/08/2018;10:00;15:30;Freezing (30°F-39°F);10th and Dunn;39.1716882;-86.52837161;Central;E to W;Paved;Heavy;80;1.9;;;3;6;56;Cast Iron;Push-On/Slip;Native Soils;Water Main;2;10;1,200;Pipe Barrel;Circumferential
01/11/2018;15:30;01/12/2018;8:00;14:00;Below Freezing (<30°F);4123 W Middle Court;39.15943357;-86.58485113;West;Loop;Paved;Medium;75;1.8;;;2;6;60;Cast Iron;Push-On/Slip;Native Soils;Water Main;24;5;7,200;Pipe Barrel;Circumferential
1/23/2018;14:00;1/23/2018;14:15;18:00;Cold (40°F-55°F);300 W Gordon Pike;39.12138597;-86.53357076;Central;Loop;Lawn;Medium;;;;;2;12;48;Cast Iron;Push-On/Slip;Gravel/Sand;Water Main;0.75;565.5;25,448;Joint;
1/28/2018;10:00;1/28/2018;12:00;15:00;Cold (40°F-55°F);2978 N Ramble Rd E;39.20129487;-86.53123293;Central;Loop;Paved;Medium;82;2.05;;;2;6;45;Cast Iron;;Gravel/Sand;Water Main;5;80;24,000;Pipe Barrel;Circumferential
1/28/2018;14:30;1/28/2018;16:00;18:30;Cold (40°F-55°F);2419 W Arlington Rd;39.18983477;-86.55174858;Central;S to N;Paved;Heavy;;;40;1.32;2;8;45;Cast Iron;;Native Soils;Water Main;5;80;24,000;Pipe Barrel;Blow Hole
1/29/2018;7:30;1/29/2018;8:00;10:00;Freezing (30°F-39°F);E Randolph Ave;39.16307911;-86.48459065;Central;Loop;Lawn;Light;75;2.2;;;1;6;54;Cast Iron;Push-On/Slip;Native Soils;Water Main;2;5;600;Pipe Barrel;Circumferential
1/29/2018;12:00;2/15/2018;8:30;11:30;Cold (40°F-55°F);4021 E Morningside Dr;39.1671028;-86.479522;East;Loop;Lawn;Medium;70;2.02;70;2;2;6;36;Cast Iron;Push-On/Slip;Native Soils;Water Main;4800;20;5,760,000;Other;Corporation
1/29/2018;;3/13/2018;8:00;13:00;Cold (40°F-55°F);715 E 7th St;39.16853545;-86.52491331;Central;Loop;Paved;Heavy;;;76;2.2;3;6;48;Cast Iron;Lead;Native Soils, Gravel/Sand;Water Main;1032;50;3,096,000;Other;Corporation
2/13/2018;8:00;2/14/2018;8:30;12:30;Cold (40°F-55°F);Bottom Rd;39.24020423;-86.54310647;Central;S to N;Ditch;Medium;;;157;1.6;1;12;48;Ductile;Push-On/Slip;Gravel/Sand;Water Main;36;80;172,800;Joint;
2/14/2018;11:00;2/14/2018;12:00;15:00;Cold (40°F-55°F);626 Grandview Dr;39.17075055;-86.48782126;Central;Loop;Paved;Medium;80;2.2;;;2;6;60;Cast Iron;Push-On/Slip;Native Soils;Water Main;2;10;1,200;Pipe Barrel;Circumferential
2/26/2018;10:00;2/26/2018;12:00;16:30;Mild (55°F-70°F);2001 Ashwood Ln;39.12930159;-86.5118839;Central;E to W;Paved;Light;;;96;1.95;2;4;60;Ductile;;Gravel/Sand;Water Main;6;100;36,000;Pipe Barrel;Blow Hole
03/04/2018;12:00;3/15/2018;10:00;13:00;Cold (40°F-55°F);100 W Dillman Rd;39.09562623;-86.54968235;Central;E to W;Lawn;;80;2.09;;;2;6;70;Ductile;Push-On/Slip;Native Soils;Water Main;24;;;Pipe Barrel;Blow Hole
03/08/2018;18:00;03/09/2018;8:30;12:00;Cold (40°F-55°F);3rd and Clark;39.16432829;-86.50496265;Central;Loop;Paved;Heavy;48;2.02;;;2;4;36;Cast Iron;Push-On/Slip;Native Soils;Water Main;72;20;86,400;Pipe Barrel;Circumferential
3/27/2018;17:30;3/27/2018;20:00;22:30;;3304 Roy Schmaltz Ct;39.14241474;-86.49087326;;E to W;Paved;Light;61;2.3;61;2.3;2;6;48;Ductile;Push-On/Slip;Gravel/Sand;Water Main;5;;;Pipe Barrel;Blow Hole
04/09/2018;14:00;04/10/2018;8:00;15:30;Cold (40°F-55°F);200 blk W Country Club Dr at Creek;;;Central;Loop;Ditch;Heavy;107;1.33;;;1;8;60;Cast Iron;;Native Soils;Water Main;3;120;21,600;Flang nut/bolt/tie rod;
04/12/2018;10:00;4/17/2018;8:00;10:00;;1902 S Wilton;39.14642108;-86.51077842;Central;Loop;Paved;Medium;;;;;2;6;48;Cast Iron;Push-On/Slip;Gravel/Sand;Water Main;144;80;691,200;Pipe Barrel;Circumferential
05/05/2018;11:30;05/05/2018;15:30;20:00;;733 Pepper Ridge;39.12480167;-86.52260882;;Loop;Paved, Lawn;Light;20;;;;2;6;70;Ductile;Not Uncovered;Native Soils;Water Main;3;450;81,000;Pipe Barrel;Blow Hole
5/17/2018;10:00;5/17/2018;10:15;11:30;Hot (>70°F);203 W Gordon  Pike;;;Central;E to W;Lawn;Medium;80;1.51;;;1;12;56;Ductile;;;Transmission Line;;;;Other;
5/25/2018;22:15;5/26/2018;8:00;11:45;Hot (>70°F);3401 S Ashwood Dr;39.13136594;-86.50827238;Central;N to S;Paved;Light;;;79;;2;6;54;Ductile;Push-On/Slip;Gravel/Sand;Water Main;12;350;;Pipe Barrel;Blow Hole
5/26/2018;14:00;5/26/2018;14:00;19:45;Hot (>70°F);5001 N Business 37;39.22268318;-86.53932771;Central;N to S;Lawn;None;25;;;;1;8;48;Cast Iron;Lead;Gravel/Sand;Water Main;4;;;Pipe Barrel;Longitudinal Split
5/28/2018;18:30;5/28/2018;20:00;23:00;Hot (>70°F);3401 Ashwood Dr;39.13137292;-86.50829119;Central;Loop;Paved;Light;;;76;1.82;2;6;60;Ductile;;Gravel/Sand;Water Main;5;200;60,000;Pipe Barrel;Blow Hole
5/31/2018;13:30;5/31/2018;15:00;16:30;Hot (>70°F);3914 S Emilie Ct;39.12486154;-86.52155567;South;N to S;Paved;None;91;2.1;;;1;8;57;Ductile;Push-On/Slip;Gravel/Sand;Water Main;2;25;3,000;Pipe Barrel;Blow Hole
06/05/2018;9:00;06/05/2018;9:00;13:00;Hot (>70°F);700 Eastside Dr;39.16012991;-86.51273687;Central;S to N;Paved;Light;;;70;2;1;6;59;Ductile;Push-On/Slip;;Water Main;48;;;Valve;
06/11/2018;7:30;06/11/2018;8:30;11:30;Hot (>70°F);1008 Jennifer Dr;39.12819108;-86.52143045;Central;S to N;Paved;Light;80;1.7;;;2;6;48;Ductile;Push-On/Slip;Gravel/Sand;Transmission Line;1;20;1,200;Pipe Barrel;Blow Hole
6/13/2018;7:00;6/13/2019;7:30;10:30;Hot (>70°F);1321 S Palmer;39.15169075;-86.52926299;Central;S to N;Paved;Light;85;2.5;;;1;6;;Ductile;;;Transmission Line;2;50;6,000;Pipe Barrel;Blow Hole
6/14/2018;6:00;6/14/2018;7:00;11:00;Mild (55°F-70°F);1101 Benson Ct;39.12154756;-86.52080846;Central;S to N;Lawn;Medium;90;1.52;;;2;12;48;Ductile;Push-On/Slip;Gravel/Sand;Water Main;3;100;18,000;Pipe Barrel;Blow Hole
6/14/2018;8:00;6/14/2018;8:30;11:30;Mild (55°F-70°F);3701 Grasstree Ct;39.12702271;-86.52269141;Central;S to N;Paved;Light;87;2.5;;;1;6;;Ductile;Push-On/Slip;Gravel/Sand;Water Main;1;50;3,000;Pipe Barrel;Blow Hole
07/02/2018;3:30;07/02/2018;4:30;11:30;Hot (>70°F);1034 Dencaster Ct;39.15538648;-86.47433915;West;S to N;Paved;Light;82;2.1;;;2;6;36;Ductile;;;Water Main;4;50;12,000;Pipe Barrel;Blow Hole
07/02/2018;15:15;07/02/2018;15:15;21:00;Hot (>70°F);2308 S Woodbluff Ct;39.14098182;-86.50621872;Central;S to N;Paved;Light;;;53;2.2;2;4;59;Cast Iron;Push-On/Slip;Gravel/Sand;Water Main;6;300;108,000;Pipe Barrel;Longitudinal Split
7/21/2018;18:40;7/21/2018;20:00;0:00;Hot (>70°F);3321 N Soneycret Dr;39.19698677;-86.54410023;Central;Loop;Paved;Light;60;1.82;67;1.52;1;6;48;Cast Iron;Not Uncovered;Gravel/Sand;Water Main;5;30;9,000;Pipe Barrel;Blow Hole
7/26/2018;13:30;7/26/2018;15:00;17:00;Hot (>70°F);5001 N Old 37;39.22271537;-86.53933794;;N to S;Lawn;None;35;;150;;2;8;48;Cast Iron;Push-On/Slip;Gravel/Sand;Water Main;;300;;Pipe Barrel;Longitudinal Split
8/13/2018;10:00;8/13/2018;10:05;11:00;Hot (>70°F);317 Wylie St;;;Central;W to E;Paved;Light;;;85;1.9;2;2;36;PVC;Push-On/Slip;Native Soils, Gravel/Sand;Service Lateral;1;20;1,200;Other;Bolt Leak
8/14/2018;19:00;8/15/2018;7:00;10:00;Hot (>70°F);731 E Pepperridge Dr;;;South;N to S;Paved;Medium;40;1.98;;;1;6;70;Ductile;Push-On/Slip;Gravel/Sand;Water Main;16;120;115,200;Pipe Barrel;Blow Hole
8/21/2018;14:00;8/21/2018;15:00;16:30;Hot (>70°F);2102 Crandall Ct;39.14771581;-86.48581751;Central;N to S;Lawn;Light;;;55;1.95;2;6;48;Ductile;;Gravel/Sand;Water Main;2;130;15,600;Pipe Barrel;Blow Hole
09/05/2018;8:00;09/05/2018;8:00;10:30;Hot (>70°F);Baytree and Pepperridge;;;South;Loop;Paved;;42;;;;1;6;;Ductile;Push-On/Slip;;Water Main;2;100;12,000;Pipe Barrel;Blow Hole
09/10/2018;8:00;09/10/2018;8:30;11:00;Hot (>70°F);105 Sunny Slopes;39.13369885;-86.53028388;South;Loop;Paved;Light;85;1.95;;;1;4;42;Ductile;Push-On/Slip;Gravel/Sand;Water Main;2;35;4,200;Pipe Barrel;Longitudinal Split
09/10/2018;18:30;09/10/2018;20:00;23:00;Mild (55°F-70°F);Across from 3925 S Baytree;39.12364069;-86.5231082;;;Paved;Light;;;40;;1;6;60;Ductile;;Gravel/Sand;Water Main;6;200;72,000;Pipe Barrel;Blow Hole
9/19/2018;11:00;9/19/2019;12:00;13:30;Hot (>70°F);Sheffield and Plymouth;39.17004702;-86.47768282;West;;Paved;Light;80;2.05;;;2;6;48;Ductile;Push-On/Slip;Native Soils;Water Main;72;15;64,800;Pipe Barrel;Longitudinal Split
10/02/2018;7:30;10/02/2018;8:00;11:00;Hot (>70°F);1533 Elliston ;39.12954329;-86.51500455;Central;W to E;Paved;Light;85;1.9;;;2;6;43;Ductile;;Gravel/Sand;Water Main;24;10;14,400;Pipe Barrel;
10/12/2018;15:25;10/12/2018;16:10;16:30;Mild (55°F-70°F);2753 S Pine Meadows Dr;;;Central;;Lawn;None;;;;;1;8;48;Ductile;Push-On/Slip;Gravel/Sand;;1;200;12,000;Valve;
10/17/2018;21:00;10/18/2018;9:00;1:00;Cold (40°F-55°F);2023 Ross Ct;39.15669593;-86.55853264;;;Paved;;65;;;;1;6;48;Ductile;;;Water Main;5;100;30,000;Pipe Barrel;Blow Hole
10/26/2018;14:30;10/26/2018;15:00;21:00;Mild (55°F-70°F);2313 South Rockport;39.14331721;-86.54072848;Central;W to E;Paved;Light;;;90;2.1;2;6;84;Ductile;Push-On/Slip;Gravel/Sand;Water Main;4;50;12,000;Pipe Barrel;Blow Hole
10/30/2018;5:30;10/30/2018;8:00;11:00;Cold (40°F-55°F);1303 Hancock St;39.17693068;-86.54893794;Central;N to S;Lawn;Light;;;95;2.1;1;6;53;Ductile;Push-On/Slip;Gravel/Sand;Water Main;4;75;18,000;Pipe Barrel;Blow Hole
11/03/2018;15:00;11/04/2018;;5:00;Cold (40°F-55°F);1412 N Jordan;39.18008361;-86.51089004;East;E to W;Paved;Medium;;;90;1.8;3;6;36;Ductile;Push-On/Slip;;Water Main;24;25;36,000;Pipe Barrel;Blow Hole
11/04/2018;5:00;11/04/2018;7:30;12:00;Mild (55°F-70°F);2918 Emilie Ct;39.12477545;-86.5215987;South;N to S;Paved;Light;87;2.2;;;1;8;52;Ductile;Push-On/Slip;Gravel/Sand;Water Main;3;50;9,000;Pipe Barrel;Blow Hole
11/12/2018;15:30;10/12/2018;17:30;21:45;Cold (40°F-55°F);110 Sunny Slopes Dr;39.1336984;-86.5303537;Central;Loop;Paved;Medium;;;65;1.76;1;4;36;Cast Iron;;Native Soils;Water Main;7;80;33,600;Pipe Barrel;Circumferential
11/18/2018;20:45;;20:45;13:30;Below Freezing (<30°F);525 W 17th St;39.17897943;-86.5391143;South;E to W;Paved;Medium;;;;;2;16;48;Cast Iron;Push-On/Slip;Native Soils;Water Main;17;1000;1,020,000;Pipe Barrel;Longitudinal Split
11/23/2018;18:00;11/24/2018;9:55;12:15;Cold (40°F-55°F);1516 E Dorchester Dr;39.14988637;-86.51254296;Central;Loop;Paved;Light;48;1.9;;;2;6;48;Cast Iron;Not Uncovered;Native Soils;Water Main;16;40;38,400;Pipe Barrel;Circumferential
11/26/2018;7:30;11/26/2018;9:00;13:00;Below Freezing (<30°F);3261 O'Brien Pl;39.19640468;-86.54465419;Dogwood;W to E;Paved;Light;43;1.8;;;2;6;48;Ductile;Push-On/Slip;Gravel/Sand;Water Main;24;100;144,000;Pipe Barrel;Blow Hole
11/29/2018;11:30;11/29/2018;14:30;17:30;Cold (40°F-55°F);702 Grandview Dr;39.1712607;-86.48754835;;Loop;Paved;Light;;;;;1;6;48;Cast Iron;Push-On/Slip;Native Soils;Water Main;6;100;36,000;Pipe Barrel;Circumferential
12/11/2018;11:30;12/11/2018;12:00;14:30;Cold (40°F-55°F);501 Audubon;39.21298312;-86.52885778;IU;;Paved;;88;2.1;;;2;6;;Ductile;;;Water Main;3;100;18,000;Pipe Barrel;Blow Hole
12/12/2018;18:30;12/13/2018;8:30;12:00;Freezing (30°F-39°F);2901 S Auto Mall Rd;39.15574171;-86.49611063;Central;W to E;Paved;;;;;;2;2;;Cast Iron;Push-On/Slip;Gravel/Sand;Service Lateral;24;50;72,000;Pipe Barrel;
12/17/2018;15:00;12/17/2018;15:00;17:50;Cold (40°F-55°F);2113 S Georgetown Rd;39.14344922;-86.50997307;Central;N to S;Paved;Light;;;;2.2;2;6;53;Cast Iron;Push-On/Slip;Native Soils;Water Main;24;400;576,000;Pipe Barrel;Blow Hole
12/22/2018;18:00;12/24/2018;8:30;13:00;Cold (40°F-55°F);181 E Ellis;39.24635845;-86.53234451;Central;W to E;Paved;Medium;130;2;138;1.98;1;6;48;Cast Iron;Push-On/Slip;Gravel/Sand;Water Main;2;70;8,400;Pipe Barrel;Blow Hole
12/23/2018;20:00;12/24/2018;;2:00;Below Freezing (<30°F);2698 S McCartney Ln;39.14467956;-86.49783995;Central;N to S;Paved;Light;90;;94;;1;6;72;Cast Iron;Push-On/Slip;Gravel/Sand;Water Main;4;500;120,000;Pipe Barrel;Blow Hole
12/26/2018;18:00;12/26/2018;8:30;13:30;Cold (40°F-55°F);500 S Liberty Dr;39.16299452;-86.58039179;West;E to W;Paved;Light;;;69;1.58;1;6;76;Ductile;Push-On/Slip;Gravel/Sand;Water Main;9;100;54,000;Pipe Barrel;Blow Hole
12/27/2018;19:00;12/27/2018;21:00;1:00;Mild (55°F-70°F);2344 E Linden Hill;39.13362783;-86.50864916;Central;Loop;Lawn;;;;;;2;6;50;Ductile;Push-On/Slip;Gravel/Sand;Water Main;8;150;72,000;Pipe Barrel;Blow Hole
12/28/2018;7:30;12/28/2018;8:00;10:30;Cold (40°F-55°F);2516 Roundhill Ct;39.13932427;-86.50323896;South;W to E;Paved;Light;;;50;1.7;2;6;36;Ductile;Push-On/Slip;Gravel/Sand;Water Main;3;100;18,000;Pipe Barrel;Longitudinal Split
12/29/2018;7:00;12/29/2018;9:00;12:00;Cold (40°F-55°F);2300 E Linden Hill;39.13264882;-86.50715467;Central;Loop;Paved;Medium;;;84;1.95;2;6;64;Ductile;Push-On/Slip;Gravel/Sand;Water Main;7;120;50,400;Pipe Barrel;Blow Hole
01/02/2019;6:00;01/02/2019;7:30;14:30;;2670 Mcartny Ln and Sare Rd;;;Central;;Paved;Heavy;86;2.2;86;2.2;2;6;48;Ductile;Push-On/Slip;Gravel/Sand;Water Main;4;;;Pipe Barrel;
01/10/2019;10:00;01/10/2019;10:30;12:30;;1316 Viva Dr;;;Central;W to E;Lawn;Light;89;1.9;;;1;8;48;Ductile;Push-On/Slip;Gravel/Sand;Water Main;1;150;9,000;Pipe Barrel;
1/15/2019;16:30;1/15/2019;18:00;21:00;Freezing (30°F-39°F);1911 E Wilton Ct;;;;E to W;Paved;Light;73;1.09;73;1.09;2;6;48;Cast Iron;Mechanical Joint;Gravel/Sand;Water Main;4;;;Pipe Barrel;
1/22/2019;8:00;1/22/2019;9:00;10:00;Below Freezing (<30°F);723 West 9th;;;Central;W to E;Paved;Light;;;81;2.1;2;6;38;Ductile;Push-On/Slip;Gravel/Sand;Water Main;2;50;6,000;Pipe Barrel;
1/23/2019;17:00;1/23/2019;18:00;0:00;Below Freezing (<30°F);3401 Tulip Ave;;;Central;S to N;Lawn;Light;95;2.1;;;2;8;36;Ductile;Push-On/Slip;Gravel/Sand;Water Main;2;200;24,000;Pipe Barrel;
1/25/2019;13:00;1/25/2019;15:00;0:00;;2550 Roundhill Ln;;;Central;S to N;Paved;Light;;;90;1.8;2;6;41;Cast Iron;Push-On/Slip;Gravel/Sand;Water Main;3;150;27,000;Pipe Barrel;
02/02/2019;530;02/02/2019;530;1200;Freezing (30-39);3606 S. Morningside Dr.;39.16621257;-86.48707823;Central;W to E;Lawn;Light;;;40;2.2;2;6;48;Cast Iron;Push-On/Slip;Native Soils;Water Main;5;1000;300000;Pipe Barrel;Blow Hole
2/13/2019;730;2/25/2019;730;1130;Freezing (30-39);1711 E. Windsor Dr.;39.14678415;-86.51260245;Central;E to W;Paved;Light;;;90;1.8;1;6;48;Ductile;Push-On/Slip;Native Soils;Water Main;288;3;864;Pipe Barrel;Blow Hole
2/15/2019;13:30;2/16/2019;;1:30;Freezing (30°F-39°F);530 N Morton St;;;Central;Loop;Paved;Medium;;;;;4;8;48;Ductile;Push-On/Slip;Gravel/Sand;Water Main;11;100;66,000;Pipe Barrel;
2/26/2019;1130;2/27/2019;730;1200;Freezing (30-39);1006 W. 10th St.;39.17213395;-86.54581897;;W to E;Lawn;Light;;;;;1;;;;;Native Soils;Service Lateral;24;5;7200;Other;
03/04/2019;30;03/04/2019;;1330;Below Freezing;Rogers/High Street Round About;39.13654163;-86.50807636;Central;E to W;Graveled;None;;;;;2;12;36;Ductile;Push-On/Slip;Gravel/Sand;Water Main;8;200;96000;Pipe barrel;Blow Hole
03/05/2019;2315;03/06/2019;730;1100;Below Freezing (0-29);619 W. 1st;39.15937587;-86.54075273;Central;;;;;;;;5;;;;;;Service Lateral;10;3;1800;Pipe;
03/06/2019;1200;03/06/2019;1400;2000;Below Freezing (0-29);Intersection S. Hickory Dr/ Belle Ave;39.16335097;-86.58594589;West;W to E;Paved;Light;92;1.25;;;1;6;42;Ductile;;Gravel/Sand;Water Main;3;50;9000;Pipe Barrel;Circumferential
3/14/2019;1800;3/15/2019;730;1300;Freezing (30-39);3148 Cuffers Dr.;39.12941439;-86.54539798;Central;Loop;Paved;Light;89;2;;;2;6;96;Ductile;Push-On/Slip;Gravel/Sand;Water Main;24;25;36000;Pipe Barrel;Blow Hole
3/18/2019;1700;3/18/2019;1900;500;Mild (55-70);1719 E. Winslow Rd.;39.13613502;-86.51143648;Central;Loop;Paved;Light;80;1.9;68;1.92;1;8;53;Cast Iron;;Native Soils;Water Main;3;200;;36000;Longitudinal Split
3/18/2019;600;3/18/2019;800;1100;Cold (40-54);2201 N. Fritz Dr.;39.1866991;-86.52990539;Central;Loop;Paved;Light;84;1.92;84;1.9;1;6;48;Cast Iron;;Gravel/Sand;Water Main;5;100;30000;Pipe barrel;Blow Hole
3/20/2019;1800;3/21/2019;730;1500;Freezing (30-39);309 S. Union;39.16409809;-86.50910595;IU;N to S;Lawn;Light;90;1.9;;;2;2;;PVC;Push-On/Slip;Gravel/Sand;Water Main;24;25;;36000;Circumferential
3/22/2019;1200;3/22/2019;1230;1500;Cold (40-54);the Stands Dr. / Ashwood Dr.;39.13169679;-86.50726764;Central;N to S;Lawn;Light;;;82;1.8;2;12;48;Ductile;Push-On/Slip;Gravel/Sand;Water main;1;250;15000;Pipe Barrel;Blow Hole
3/31/2019;1830;3/31/2019;2000;1159;Freezing (30-39);2344 E. Linden Hill Dr.;39.13364696;-86.50863193;Central;Loop;Paved;Light;70;2.6;;;2;6;60;Ductile;Not Uncovered;Gravel/Sand;Water Main;3;30;5400;Pipe Barrel;Blow Hole
3/31/2019;730;3/31/2019;900;1245;Freezing (30-39);Autumn Dr. & Autumn Ct.;39.135379;-86.50573098;Central;E to W;;Light;50;2.2;;;2;6;78;Ductile;;Gravel/Sand;Water Main;2;30;3600;Pipe Barrel;Blow Hole
4/15/2019;1550;4/15/2019;1645;2000;Cold (40-54);1520 S. Highland Ave;39.14928989;-86.51740252;Central;W to E;Paved;Medium;;;57;1.8;2;6;36;Ductile;Push-On/Slip;Gravel/Sand;Water Main;2.5;100;15000;Pipe Barrel;Blow Hole
4/23/2019;1515;4/23/2019;1515;2000;Mild (55-70);Smith Rd. & E. 10th St.;39.17252851;-86.48239039;Central;W to E;Lawn;Heavy;0;0;0;0;2;12;43;Ductile;Push-On/Slip;Gravel/Sand;Water Main;2.5;0;0;Pipe Barrel;Blow Hole
4/24/2019;700;4/25/2019;730;1730;Mild (55-70);1321 S. College Mall Rd.;39.15195252;-86.49557501;East;W to E;Paved;Light;0;0;70;1.9;2;8;48;Ductile;Mechanical Joint;Gravel/Sand;Water Main;24;250;360000;Pipe Barrel;Blow Hole
4/26/2019;1430;4/26/2019;1430;1830;Mild (55-70);101 E. Ridgeview;39.13203272;-86.53134605;Central;W to E;Paved;Light;0;0;0;0;2;6;22;Cast Iron;Push-On/Slip;Gravel/Sand;Water Main;6;0;0;Pipe Barrel;Longitudinal Split
05/09/2019;730;05/09/2019;800;1130;Mild (55-70);1900 E. Windsor;39.14670345;-86.51039342;Central;Loop;Paved;Light;0;0;77;2;2;6;48;DI;Push-On/Slip;Gravel/Sand;Water Main;4;50;12000;Pipe Barrel;Blow Hole
05/10/2019;2000;05/11/2019;;300;Cold (40-54);3013 E. Daniel St.;39.13765701;-86.49138305;Central;Loop;Lawn;Light;77;3.4;80;3.1;2;8;96;Ductile;Push-On/Slip;Gravel/Sand;Water Main;7;30;12600;Pipe Barrel;Blow Hole
5/14/2019;1530;5/14/2019;1730;2130;Mild (55-70);4999 Bedrock;39.15530626;-86.60296261;West; ;Vacant Lot; ;65;0;0;0;1;12;;DI;;Gravel/Sand;Service Lateral;3;100;18000;Other; 
5/15/2019;1600;5/15/2019;180;2230;Mild (55-70);2340 E. Linden Hill DR;39.13378999;-86.50853137; ; ;Lawn;None;90;0;0;0;1;6;72;Ductile; ;Gravel/Sand;Water Main;6;400;144000;Pipe Barrel;Blow Hole
5/16/2019;830;5/16/2019;930;1430;Mild (55-70);2812 E. Winston;39.14560203;-86.49501851;Central;Loop;Graveled;Medium;0;0;0;0;2;12;48;Ductile;Push-On/Slip;Gravel/Sand;Water Main;3;200;36000;Pipe Barrel;Blow Hole
5/17/2019;1130;5/17/2019;1330;1900;Hot (70 and above);15th & Jackson;39.1766663;-86.53966943;Central;Loop;Paved;Light;40;0;0;0;1;6;42;Cast Iron; ;Gravel/Sand;Water Main;7.5;40;18000;Pipe Barrel;Blow Hole
5/25/2019;1430;5/25/2019;1430;2230; ;N. Woodbridge;39.17156594;-86.49076359; ;S to N;Paved;Heavy;0;2.7;0;0;2;8;48;PVC;Push-On/Slip; ;Water Main;1;0;0;Pipe Barrel; 
5/30/2019;1330;5/30/2019;2200;230;Mild (55-70);1351 College Mall Rd.;39.15193472;-86.49544073;Central;Loop;Paved;None;78;1.8;0;0;2;8;48;Ductile;Push-On/Slip; ;Water Main;9;100;54000;Pipe Barrel; 
06/01/2019;1000;06/01/2019;1230;1800;Hot;1604 S. Highland ;39.14927577;-86.51736784;Central;N to S;Paved;Light;90;1.9;;;2;6;36;Ductile;Push-On/Slip;Gravel/Sand;Water Main;2;300;36000;Pipe Barrel;Blow Hole
06/02/2019;1000;06/02/2019;1200;0;Hot;1818 S. maxwell;39.14602284;-86.51505074;Central;Loop;lawn;Light;;;85;2.1;2;6;48;Ductile;Push-On/Slip;Gravel/Sand;Water Main;5;200;60000;Pipe barrel;Blow Hole
6/14/2019;430;6/14/2019;730;1030;Mild;428 E. 6th;39.16754011;-86.5284717;Central;Loop;Paved;Medium;90;1.9;;;4;8;48;Cast Iron;Lead;;Water main;5;200;60000;Pipe Barrel;Longitudinal Split
6/15/2019;2100;6/15/2019;2215;230;Hot;1911 E. Winslow;39.13614903;-86.51021631;Central;Loop;Paved;Light;;;;;2;8;53;Cast Iron;Push-On/Slip;Native Soils;Water main;6;200;72000;Pipe barrel;Longitudinal Split
6/16/2019;1230;6/16/2019;1700;2030;Hot;812 S. park;39.15862611;-86.52371884;Central;Loop;Paved;Medium;60;1.74;;;1;6;40;Cast Iron;Push-On/Slip;Native Soils;Water main;5;100;30000;Pipe barrel;Blow Hole
6/17/2019;1700;6/18/2019;2300;100;Hot;705 W. Coolage;39.14131476;-86.5419954;;Loop;Paved;Light;60;;;;1;6;48;Ductile;Not Uncovered;Gravel/Sand;Water main;4;35;8400;Pipe barrel;Blow Hole
6/17/2019;1600;6/17/2019;1900;2045;;2128 E. Meadowbluff Ct.;39.14276996;-86.50729804;;W to E;Paved;Light;54;3.2;;;2;4;36;Cast Iron;Not Uncovered;Gravel/Sand;Water Main;3;30;5400;Pipe barrel;Blow hole
6/17/2019;1800;6/18/2019;130;300;Hot;1338 E. Browning Ct.;39.13402677;-86.51716868;Central;E to W;Paved;Light;50;;;;2;6;40;Cast iron;Not Uncovered;Native Soils;Water main;9;30;16200;Pipe barrel;Blow hole
6/18/2019;1200;6/18/2019;1300;1730;Hot;1508 S. Maxwell St.;39.15017477;-86.51508037;;;Paved;Light;;;;;1;6;48;Ductile;Push-On/Slip;Gravel/Sand;Water Main;5;400;120000;Pipe Barrel;Blow Hole
6/18/2019;900;6/18/2019;1100;1200;Hot;Emery Ct.;39.14514897;-86.51929617;;;Paved;Light;78;;;;2;8;48;Ductile;Push-On/Slip;Gravel/Sand;Water main;4;600;144000;Pipe barrel;Blow hole
6/23/2019;1815;6/23/2019;2030;2240;Hot;905 N. Maple St.;39.17534766;-86.54207616;Central;Loop;Paved;Light;;;28;2.7;1;8;48;Cast Iron;;Native Soils;Water main;4;20;4800;Pipe Barrel;Circumferential
6/29/2019;1400;6/29/2019;1830;2200;Hot;409 Laurelwood Dr.;39.14029593;-86.52426745;;;Paved;Light;82;;;;2;6;53;Ductile;Push-On/Slip;Gravel/Sand;Water Main;8;200;96000;Pipe barrel;Blow Hole
7/16/2019;1400;7/16/2019;1400;2000;Hot;2805 S. Kings Ct;;;Central;S to N;Paved;;60;;;;2;6;66;DI;Push-On/Slip;Gravel/Sand;Water Main;4;680;163200;Pipe Barrel;Blow Hole
7/16/2019;1430;7/17/2019;730;1030;Hot;Doffs & Walnut;;;Central;N to S;Paved;;;;;;1;6;42;CI;Push-On / Slip;Native Soils;Water Main;3;80;14400;Pipe Barrel;Blow Hole
7/21/2019;1910;7/22/2019;1910;520;Hot;Intersection of E. Kirkwood and Washington St.;;;Central;S to N;Paved;Medium;;;;;3;8;;CI;Push-On /Slip;Native Soils;Water Main;5;;;Pipe Barrel;Longitudinal Split
7/21/2019;820;7/21/2019;820;1820;Hot;424 S. Meadowbrook;;;Central;N to S;Paved;Light;;;;;2;6;90;CI;Push-On / Slip;Native Soils;Water Main;4.5;400;108000;Pipe Barrel;Circumferential
7/22/2019;900;7/22/2019;1100;1300;Hot;3500 Ashwood Dr.;;;Central;Other;Lawn;Light;85;2;;;2;6;48;DI;Push-On / Slip;Gravel / Sand;Water Main;3;250;45000;Pipe Barrel;Blow Hole
7/24/2019;1530;7/24/2019;1630;2100;;130 W. Grimes;;;Central;Loop;Paved;Heavy;50;1.82;;;1;8;62;CI;Push-On / Slip;Gravel / Sand;Water Main;3;90;16200;Pipe Barrel;Longitudinal Split
7/24/2019;1330;7/24/2019;1430;1600;Hot;423 E. Dunn;;;Central;Loop;Lawn;Medium;;;;;1;12;34;CI;Push-On / Slip;Native Soils;Water Main;3;30;5400;Pipe Barrel;Longitudinal Split
7/24/2019;1330;7/24/2019;1430;1600;Hot;423 E. Dunn;;;Central;Loop;Lawn;Medium;;;;;1;12;34;CI;Push-On / Slip;Native Soils;Water Main;3;30;5400;Pipe Barrel;Longitudinal Split
7/29/2019;1700;7/30/2019;2030;400;Hot;S.W. Corner of 6th and Colleg;;;Central;Loop;Paved;Heavy;;;;;4;8;48;CI;;Native Soils;Water Main;2;100;12000;Pipe Barrel;Longitudinal Split
7/30/2019;1300;7/30/2019;1400;1530;Hot;1621 Greenfield Ct.;;;;;Paved;Light;15;;;;2;4;60;Ductile;Push-On / Slip;Gravel / Sand;Water Main;4;100;24000;Pipe Barrel;Blow Hole
08/01/2019;;08/01/2019;730;1000;Hot;1618 Greenfield Ct;;;Central;S to N;Lawn;Light;;;80;2;2;4;36;DI;Push-On / Slip;Gravel / Sand;Water Main;2;150;18000;Pipe Barrel;Blow Hole
08/07/2019;1600;08/07/2019;1900;2100;Hot;4283 Ramp Creek Rd.;;;;;Paved;Light;40;;;;1;6;53;DI;Push-On / Slip;Native Soils;Water Main;2;500;60000;Pipe Barrel;Blow Hole
08/10/2019;1000;08/10/2019;1230;1630;Hot;1655 Bethel Ln;;;;;Lawn;None;0;;;;1;6;48;DI;Not Uncovered;Native Soils;Water Main;3;700;126000;Pipe Barrel;Blow Hole
8/13/2019;1100;8/13/2019;1130;1230;Hot;9th and Walnut;;;Central;Loop;Paved;None;;;;;4;8;36;DI;Push-On/Slip;Gravel / Sand;Service Lateral;1;50;3000;Corp;
8/14/2019;1715;8/14/2019;1930;;;2203 S. RockPort Rd.;;;;E to W;Lawn;None;;;;;1;6;48;CI;;Native Soils;Water Main;3;50;9000;Pipe Barrel;
8/14/2019;2130;8/15/2019;30;230;Mild;4356 E Sundance;;;;E to W;Lawn;n;72;3;;;1;2;48;ci;;Gravel / Sand;Water Main;3;;;Pipe Barrel;Blow Hole
8/15/2019;730;8/15/2019;930;1030;Hot;4120 Ramp Creek Rd.;;;South;E to W;Paved;;85;2;;;2;6;53;DI;Push-On / Slip;Native Soils;Water Main;2;100;12000;Pipe Barrel;Blow Hole
8/17/2019;1630;8/17/2019;1930;2330;Mild;3509 S. CraWdall Ct;;;;W to E;Paved;Light;0;25;;;2;6;48;di;;;Water Main;;;;Pipe Barrel;Blow Hole
9/14/2019;2115;9/15/2019;2200;1100;Hot;300 Block of E. Dodds;;;Central;Loop;Lawn;Lights;;;;;1;12;48;ci;Push-On / Slip;Native Soils;Water Main;6;150;54000;Pipe Barrel;Longitudinal Split
9/20/2019;1630;9/20/2019;1800;2100;Hot;4125 Ramp Creek Rd.;;;;;Graveled;Light;82;;85;;1;6;;DI;Push-on / Slip;Gravel / Sand;Water Main;5;600;180000;Pipe Barrel;Blow Hole
9/21/2019;1200;9/21/2019;1500;1830;Hot;4738 W. Vernal Pike;;;;;Paved;Heavy;72;;;;1;8;;DI;Push-On / Slip;Gravel / Sand;Water Main;6;600;216000;Pipe Barrel;Blow Hole
9/23/2019;1330;9/23/2019;1430;2000;Hot;3210 John Hinkle;;;IU;Loop;Lawn;Light;83;1.9;;;2;6;57;di;Push-On / Slip;Gravel /Sand;Valve;2;100;12000;Valve;
9/27/2019;1300;9/27/2019;1530;1730;Hot;1719 W. Gray;;;;;Paved;Medium;50;;;;1;6;41;di;Push-On / Slip;Gravel / Sand;Water Main;5;400;120000;Pipe Barrel;Blow Hole
10/01/2019;1730;10/01/2019;1830;1930;Mild;5511 S. Old SR37;;;South;N to S;Lawn;Heavy;65;1.9;;;2;2;36;PVC;Push-On / Slip;;Water Main;2;100;12000;Pipe Barrel;Blow Hole
10/12/2019;1152;10/12/2019;1152;1825;Mild;3950 W Walnut Leaf Dr;;;West;W to E;Lawn;Light;;;;;1;6;33;CI;;Native Soils;Water Main;7;125;52500;Pipe Barrel;Circumferential
10/14/2019;9;10/14/2019;9;1230;Cold;900 S. Grant;;;Cental;E to W;Lawn;Light;20;;;;1;6;50;AC/Transite;Not Uncovered;Native Soils;Water Main;3.5;;;Pipe Barrel;Blow Hole
10/22/2019;1500;10/22/2019;1515;1600;Cold;607 S. Adams;;;;E to W;Paved;Light;101;;99;;1;6;36;DI;;;Valve;2;;;Valve;Bolt Leak
10/31/2019;1300;10/31/2019;1400;1600;;E Allendale Dr and E Dunstan Dr;;;;;Paved;Medium;82;;;;2;6;48;DI;Push-On/Slip;Native Soils;Water Main;2;500;60000;Pipe Barrel;Blow Hole
11/09/2019;1900;11/09/2019;2130;2315;;2494 S. Winslow Ct.;;;Central;Loop;Paved;Light;100;;;;2;6;48;DI;;Gravel/Sand;Water Main;3;40;7200;Pipe Barrel;Blow Hole
11/11/2019;840;11/12/2019;1000;1130;Freezing;2417 Spicewood;;;Central;Loop;Lawn;Light;;;77;1.8;2;6;36;DI;Push-On/Slip;Gravel / Sand;Water Main;3;50;9000;Pipe Barrel;Blow Hole
11/14/2019;1430;11/14/2019;1445;1700;Cold;4414 N. Old SR. 37;;;IU;S to N;Graveled;Heavy;65;1.9;;;2;6;41;CI;Push-On / Slip;Native Soils;Water Main;2;100;12000;Pipe Barrel;
11/18/2019;1330;11/18/2019;1530;1700;Freezing;625 Audubon;;;IU;S to N;Lawn;;;;65;1.95;2;6;44;DI;;Native Soils;Service Lateral;2;50;6000;pipe barrel;corp
11/18/2019;1300;11/18/2019;1330;1500;Freezing;4335 N. Old SR 37;;;IU;S to N;Graveled;Heavy;65;1.9;;;2;6;41;CI;Push-On / Slip;Native Soils;Water Main;1;100;6000;Pipe Barrel;Blow Hole
11/23/2019;840;11/23/2019;840;;Freezing;2978 N Ramble Rd E;;;Central;S to N;Paved;Light;;;92;;2;6;48;CI;Push-On/Slip;Native Soils;Water Main;5;15;4500;Pipe Barrel;Circumferential
11/25/2019;1400;11/25/2019;1515;1730;Cold;2227 S. Rogers;;;Central;E to W;Lawn;;86;1.8;;;1;4;48;CI;;Native Soils;Water Main;4;80;19200;Pipe Barrel;Blow Hole
11/28/2019;700;11/28/2019;830;1200;Cold;3417 N. Stoneycrest;;;Central;Loop;Paved;Light;81;0.65;;;2;6;52;CI;Push-On/Slip;Native Soils;Water Main;5;80;24000;Pipe Barrel;Circumferential
12/05/2019;1825;12/15/2019;2030;2300;Cold;Henderson and Maxwell;;;;;Paved;;;;;;;12;;;;;;;1000;;;
12/05/2019;1239;12/05/2019;1400;1800;Cold;701 W Ralston;;;;;Paved;Light;;;;;2;2;48;PVC;;;Water Main;1;100;6000;;
12/14/2019;1630;12/14/2019;1900;2230;Cold;3101 E Daniel;;;;;Lawn;n;;;;;2;6;60;DI;Push-Pn/Slip;Native Soils;Water Main;2;500;60000;Pipe Barrel;Blow Hole
12/15/2019;1000;12/15/2019;1300;1600;Cold;3712 E. BrownRidge;;;Central;Loop;Paved;Light;58;;;;2;6;33;CI;;Gravel/Sand;Water Main;6;40;14400;Pipe Barrel;Circumferential
12/31/2019;1515;12/31/2019;1515;1700;;4275 N Old SR 37;;;Central;S to N;Lawn;;;;;;2;6;42;CI;;Gravel / Sand;Water Main;2;500;60000;Pipe Barrel;Blow Hole
01/06/2020;1200;01/06/2020;1300;1630;Cold;885 s. Woodcrest Dr.;;;Central;Loop;Paved;Medium;60;1.82;;;2;6;48;DI;Push-On / Slip;Gravel / Sand;Water Main;5;150;45000;Pipe Barrel;Blow Hole
1/21/2020;1400;1/21/2020;1600;1700;Freezing;E Durham Dr;;;;;Paved;Light;;;;;2;6;60;DI;Push-On/Slip;Gravel / Sand;Water Main;3;800;144000;Pipe Barrel;Blow Hole
1/24/2020;1300;1/24/2020;1600;1830;Cold;3275 N. Prow Rd;;;;;Paved;n;;;;;2;6;36;CI;Push-On / Slip;Native Soils;Water Main;4;400;96000;Pipe Barrel;Circumferential
1/26/2020;1600;1/26/2020;1800;2000;Cold;717 S. Western Dr.;;;;;Lawn;None;;;;;2;6;60;CI;Push-On / Slip;Native Soils;Water Main;4;300;72000;Pipe Barrel;Circumferential
